port_name,closest_name,closest_distance
AASIAAT,QEQERTARSUAQ,64997.95163401029
ABU KHAMMASH,MARSA SABRATAH,69562.76815556994
ACAJUTLA,ACAJUTLA OFFSHORE TERMINAL,3602.9021581901548
ACAPULCO,LAZARO CARDENAS,265836.4025025838
AD DAKHLA,NOUADHIBOU,330718.63270077057
ADAK NAVAL AIR STATION,PALISADES POINT,173523.73518526537
ADEN,AL MUKHA,193462.2766963315
ADLER,SOCHI,23202.46521557204
ADRA,MOTRIL,43107.37140124122
AGADIR,ESSAOUIRA,119467.25299908702
AGUILAS,HORNILLO,1472.2796782115322
AHUKINI LANDING,NAWILIWILI BAY,5819.330454729488
AIOI,O0KIHAMA,9857.80779290608
AJMAN,ASH SHARIQAH,6695.438355747599
AKAROA,PORT LYTTELTON,29974.751988834156
AKITA-FUNAKAWA KO,NOSHIRO KO,42624.862914770114
AKSAZ LIMANI,MARMARIS,9089.828983467858
AL AQABAH,ELAT,6094.099442589183
AL BURAYQAH,EZ ZUEITINA,64617.664328033374
AL KHAIR OIL TERMINAL,PORT SUDAN,2546.208416623839
AL LADHIQIYAH,BANIYAS,42320.6798462595
AL SHAHEEN TERMINAL,AL RAYYAN TERMINAL,45345.00948562307
ALBANY,RENSSELAER,0.0
ALBANY,ALBANY,0.0
ALBERTON,SUMMERSIDE,49465.91818896334
ALCAN HARBOR,SKOOT COVE,1853.1775562239377
ALEKSANDROVSK -SAKHALINSKIY,MYS ROGATYY OKTYABRSKIY,18679.918955615132
ALEXANDRIA,WASHINGTON D.C.,7413.04381020027
ALEXANDRIA BAY,ROCKPORT,5715.4586201970915
ALEXANDROUPOLI,LAGOS,65687.75806538116
ALGONAC,ALGONAC,0.0
ALGONAC,WALPOLE ISLAND,0.0
ALIAGA,NEMRUT LIMANI BAY,7552.313024217395
ALICANTE,TORREVIEJA,44363.984330367035
ALMERIA,ADRA,51675.87244113551
ALOFI,NEIAFU,428324.3751909109
ALOTOA,DISCOVERY BAY,11701.989098944174
AMAGASAKI,OSAKA,7198.388750240968
AMBARCHIK,PEVEK,308259.9811303568
AMBARLI,ISTANBUL,23061.723332873717
AMHERSTBURG,TRENTON,6631.385824086269
AMPENAN,LABUHANHAJI,56931.91800254746
AMSTERDAM,ZAANDAM,8683.857467186932
AMUAY (BAHIA DE AMUAY),LAS PIEDRAS,5848.360550113681
ANAPA,NOVOROSSIYSK,41221.106220790636
ANCHORAGE,WHITTIER,78931.26637773257
ANDENES,HARSTAD,61570.572196027846
ANDERSEN HARBOR,MELCHIOR HARBOR,3212.7904179107554
ANDRES (ANDRES LGN TERMINAL),SANTO DOMINGO,26629.146694368123
ANGRA DOS REIS,GEBIG,10883.605144254021
ANNAPOLIS,BALTIMORE,32664.9358994434
ANNAPOLIS ROYAL,DIGBY,24707.59915616847
ANTAN OIL TERMINAL,MOUDI MARINE TERMINAL,20009.31439951541
ANTIBES,CANNES,10104.031321530982
ANTILLA,FELTON,17770.12218096836
ANTIOCH,PITTSBURG,7530.961992942716
ANTOFAGASTA,MEJILLONES,61369.87015807096
ANTSOHIM BONDRONA,ANDOANY,67618.78057963711
ANZIO,FIUMICINO,48433.8943761868
AOKATA,MATSU-SHIMA,50069.589091294285
APALACHICOLA,CARRABELLE,33967.01310661457
APIA,PAGO PAGO HARBOR,129505.51072429262
APRA HARBOR,ROTA,95344.14306591803
ARDRISHAIG,CRINAN (CANAL),10365.33726511546
ARDROSSAN,HUNTERSTON,11878.298692774319
ARGENTIA,COME BY CHANCE HARBOR,55653.80634646932
ARICHAT,CANSO,20427.296422191364
ARROYO,LAS MAREAS,10738.904730489905
ARZEW EL DJEDID,ARZEW,5835.6452664692
ASHLAND,WASHBURN,7521.469502274858
ASHTABULA,CONNEAUT,21968.640313734097
ASHTART OIL TERMINAL,HOUMT SOUK,66262.69283038982
ASPROPIRGOS,ELEVSIS,4379.15462146759
ASSAB,AL MUKHA,64581.46926254555
ASTAKOS,MESOLONGION,30483.78933542601
ATLANTIC CITY,BARNEGAT,52106.57550452842
ATTU,AASIAAT,90672.10393848715
ATUONA,BAIE TAIOHAE,151384.70396012077
AU SABLE,OSCODA,1853.2887513253097
AUCKLAND,MANUKAU HARBOR,9384.004237203697
AUGUSTA,MELILLI OIL TERMINAL,11217.156247160066
AVATIU,VAITAPE,993527.643309683
AVEIRO,DOURO,55615.19462242054
AYVALIK,MITILINI,26691.042570747904
AZ ZAWIYA,MARSA SABRATAH,20333.921200202993
AZHIKAL (AZHIKKAL),CALICUT (KOZHIKODE),89885.26272144805
AZOV,ROSTOV-NA-DONU,22678.680937093482
BAGNOLI,POZZUOLI,4207.650078266655
BAHAI DE LA HABANA,MARIEL,42618.660886082034
BAHIA DE ANCON,CHANCAY,19903.808365493882
BAHIA DE FAJARDO,ENSENADA HONDA,11119.510117748692
BAHIA DE JOBOS,LAS MAREAS,1762.9756619988927
BAHIA DE LAS MINAS,PUERTO COLON,8199.31424464045
BAHIA DE MATARANI,PUERTO ILO,106292.71401601538
BAHIA DE PERTIGALETE,GUANTA,2600.072841100217
BAHIA DE VALDIVIA,PUERTO DE CORRAL,17320.916269531503
BAHIA DE VALPARAISO,BAHIA QUINTERO (VENTANAS),30655.66051963703
BAHIA HERRADURA GUAYACAN,COQUIMBO,3707.743980001327
BAHIA QUINTERO (VENTANAS),BAHIA DE VALPARAISO,30655.66051963703
BAHIA SAN VICENTE,TALCAHUANO,7003.493779694174
BAIE TAIOHAE,ATUONA,151384.70396012077
BAJO GRANDE,MARACAIBO,13474.63594934848
BALAKLAVA,SEVASTOPOL,14006.915168541611
BALBOA,VACAMONTE,14371.548116617434
BALHAF,RUDUM TERMINAL,28833.902977473128
BAMBERTON,ESQUIMALT HARBOR,14352.914291736517
BANDAR KHOMEYNI,BANDAR-E MAHSHAHR,10277.478471211874
BANDAR SERI BEGAWAN,MUARA HARBOR,26280.709129788916
BANDAR-E MAHSHAHR,BANDAR KHOMEYNI,10277.478471211874
BANDAR-E SHAHID REAJIE,BANDAR ABBAS,14318.780137838823
BANDIRMA,ERDEK,14598.591049080995
BANDON,PROSPER,5495.423202895976
BANGHAZI,EZ ZUEITINA,140847.16522317988
BANGOR,WINTERPORT,19667.522816388024
BANGOR,KILROOT,9807.5903483338
BANIYAS,TARTUS,32405.803595081015
BANJARMASIN,STAGEN,173953.37738871874
BANJUL,LYNDIANE,90642.40612773098
BANTRY,CASTLETOWN BEARHAVEN,32397.355078062923
BANZART,MENZEL BOURGUIBA,16560.857153696517
BAOBAB MARINE TERMINAL,ESPOIR MARINE TERMINAL,14441.745205405789
BAR HARBOR,WINTER HARBOR,9271.349520849366
BARAAWE,MARKA,106522.66833843202
BARAGA,L ANSE,2246.1247484791947
BARBER'S POINT,BARBERS POINT TERMINAL,5821.742211652402
BARENTSBURG,LONGYEARBYEN,36665.964674770185
BARRANQUILLA,POZOS COLORADOS,59956.17345860817
BARROW,WAINWRIGHT,136230.48844935038
BASARABI,MEDGIDIA,16196.707197287236
BASILIAN CITY (ISABELA),PORT HOLLAND,21574.269515746306
BASS HARBOR,SOUTHWEST HARBOR,6160.976501626001
BASSE TERRE,POINTE A PITRE,33609.97380197471
BASTIA,L'ILE ROUSSE,42889.53960228407
BATCHAWANA BAY,GOULAIS BAY,21759.330117738155
BATEMANS BAY,JERVIS BAY,86612.83986130162
BATON ROUGE,ST. JAMES,57181.47102650506
BATSFJORDEN,BERLEVAG,34817.01569992745
BAUBAU,RAHA ROADSTEAD,69776.94046265779
BAY CITY,SAGINAW,19296.457487674357
BAY OF PILLARS,WASHINGTON BAY,16450.754125445837
BAYBORO,NEW BERN,26361.05418655511
BAYFIELD,LA POINTE,3142.4037040535286
BAYRUT,SIDON/ZAHRANI TERMINAL,44157.09059361084
BAYUQUAN,YINGKOU,44472.0843202284
BAYWAY,BAYWAY,0.0
BAYWAY,GULFPORT SI,0.0
BEAR ISLAND,HOGG ISLAND,1853.2887513250782
BEAUHARNOIS,VAUDREUIL,14940.610146405068
BEDI,SIKKA,22542.462208758538
BEIRA,CHINDE,224648.2107517043
BELANAK FIELD TERMINAL,UDANG OILFIELD,28948.822688372355
BELAWAN,PANGKALANSUSU,63668.75304678962
BELFAST,SEARSPORT,7584.092447720913
BELHAVEN,PLYMOUTH,30291.578098496506
BELIDA MARINE TERMINAL,MALONG MARINE TERMINAL,65754.85909824554
BELIZE CITY,PUERTO CORTES,186984.41806147702
BELKOFSKI,KING COVE,18417.485636988873
BELLA BELLA,KLEMTU,54231.34897125111
BELLA COOLA,BELLA BELLA,94519.37292668929
BELLINGHAM,CHERRY POINT,22438.029649191132
BELOMORSK,RABOCHEOSTROVSK,50044.03587657312
BENCHAMAS TERMINAL,TANTAWAN MARINE TERMINAL,51519.2280726655
BENI SAF,GHAZAOUET,49226.64906818378
BENOA,TANJUNG SANGATA,81730.53284107428
BENTI,PEPEL,66924.56207592126
BERG,BRONNOYSUND,11119.510117747637
BERGH COVE,COAL HARBOR,7777.927078577747
BERGKVARA,DEGERHAMN,19852.03943633528
BERNARD HARBOR,LADY FRANKLIN POINT,69319.79962836273
BERNARD HARBOR,PRUDHOE BAY,181199.30133714533
BESHAYER OIL TERMINAL,AL KHAIR OIL TERMINAL,21550.242794755904
BEVERLY,SALEM,1853.177556224405
BEYPORE,CALICUT (KOZHIKODE),9953.978970430304
BIALLA,KIMBE,53165.178774037384
BIDEFORD,WATCHET HARBOR,62761.77396985714
BIG PORT WALTER,LITTLE PORT WALTER,6156.136294904523
BLAINE,SEMIAHMOO,2216.642950706249
BLANC SABLON,RODDICKTON,92773.22963448231
BLANGLANCANG,PANGKALANSUSU,175333.8024300594
BLANGLANCANG,PANGKALANSUSU,175306.56667612924
BLIND RIVER,MELDRUM BAY,30629.3299726688
BLONDUOS,SKAGASTROND,18548.067908680347
BLUEFIELDS,EL BLUFF,5745.218282807811
BLUFF HARBOR,OTAGO HARBOR,197249.42821755502
BLYTH,TYNEMOUTH,14451.734292804123
BOCAS DEL TORO,ALMIRANTE,18659.901467949396
BOLLSTABRUK,VAJA,2035.435097603923
BOLUNGAVIK,ISAFJORDUR,12297.572951050535
BOMA,MATADI,44402.68745066719
BONGKOT TERMINAL,ERAWAN TERMINAL,159126.2870879804
BONIFACIO,PORTO VECCHIO,24269.782049580448
BONTHE,PEPEL,131523.02079483384
BOOTHBAY HARBOR,SOUTH BRISTOL,2672.1931396344926
BOSTON,QUINCY,13061.971274040912
BOTANY BAY,SYDNEY,15141.548118057943
BOTAS DORTYOL OIL TERMINAL,DELTA TERMINAL,3497.158779078096
BRASS OIL TERMINAL,PENNINGTON OIL TERMINAL,76693.76876019458
BRATTHOLMEN,BERGEN,9944.31586412687
BREDVIK,SORVAER,7847.2491608230475
BREMERHAVEN,NORDENHAM,8639.472008728337
BREMERTON,EAST BREMERTON,2500.8709793713856
BRIDGEPORT,SOUTHPORT,9156.621429849
BRIDGWATER,WATCHET HARBOR,23901.662572910296
BRIDPORT HARBOUR,WEYMOUTH HARBOUR,24934.923494247327
BRINDISI,MONOPOLI,66491.97039258503
BRISTOL,TIVERTON,5567.526396588674
BRISTOL,BURLINGTON,2333.4134906009735
BRISTOL,AVONMOUTH,6858.351066666033
BROADFORD BAY,KYLEAKIN,9209.417773479656
BRONTE,OAKVILLE,5481.523203915693
BROOKLIN,BUCKS HARBOR,14051.651213762252
BRSICA,ZALIV RASA,2269.2556005932365
BRUCE MINES,HILTON,8533.87788726075
BRUNSBUTTEL ELBAHAFEN,BRUNSBUTTEL CANAL TERMINALS,2151.1652079430182
BRUXELLES,ANTWERPEN,39074.964029291914
BUCKIE HARBOR,LOSSIEMOUTH,19177.056072885516
BUCKS HARBOR,CASTINE,5559.7550588736985
BUCKSPORT,SANDYPOINT,6155.495914700257
BUENAVENTURA,TUMACO,296234.3470007595
BUENOS AIRES,COLONIA,49595.59537093292
BUFFALO,TONAWANDA,16679.26517662229
BUFFINGTON,INDIANA HARBOR,3956.790284629444
BUGO,VILLANUEVA,7636.120110398533
BUKHTA GAYDAMAK,NAKHODKA,17914.371835332335
BUKHTA NAGAYEVA (MAGADAN),OKHOTSK IY REYD,424982.08219213766
BUKHTA VANINO,SOVETSKAYA GAVAN,12972.687673973007
BULA,WAHAI,116497.32508005091
BULLEN BAAI,SINT MICHELSBAAI,5847.461425290463
BUNBURY,FREMANTLE,141269.71729809814
BUR SAFAGA,EL GHARDAQA,54650.34210331814
BURGAS,VARNA,87245.69595825227
BURGEO,ST GEORGE'S,113020.19040528523
BURGHEAD,LOSSIEMOUTH,13003.558423418168
BURLINGTON,BRISTOL,2333.4134906009735
BURNETT INLET,UNION BAY,36816.74944526789
BURNIE,DEVONPORT,37922.892932900235
BUTEDALE,KEMANO BAY,50735.70899832943
BUTINGE OIL TERMINAL,KLAIPEDA,36714.50696252704
BYNG INLET,KEY HARBOUR,19237.884561943763
CABANAS,MARIEL,22255.752252251714
CABEDELO,RECIFE,120517.35948544214
CABINDA,FUTILA TERMINAL,9448.072812755014
CAERNARVON,HOLYHEAD,30643.274221133004
CAGAYAN DE ORO,BUGO,9349.758518556479
CAIRNS,MOURILYAN HARBOUR,84585.77695435578
CALAPAN,BATANGAS CITY,39768.057543626506
CALCITE,ROGERS CITY,4528.062138115315
CALCUTTA,HALDIA PORT,64642.24385497618
CALETA CLARENCIA,PUERTO SARA,30405.76164751214
CALETA PATILLOS,IQUIQUE,59405.593527156605
CALUMET HARBOR,INDIANA HARBOR,10139.947835066358
CALVI,L'ILE ROUSSE,16737.017463124095
CAM PHA,HON GAI,32493.830553815722
CAMAS,WASHOUGAL,3891.1120856720736
CAMBRIDGE BAY,LADY FRANKLIN POINT,336892.3310778828
CAMDEN,PHILADELPHIA,0.0
CAMDEN,CAMDEN,0.0
CAMOCIM,TUTOIA,161556.29121325054
CAMPECHE,CAYO ARCAS TERMINAL,153843.05814257538
CANAPORT (ST. JOHN),ST JOHN,9066.75370272703
CANSO,WHITEHAVEN HARBOR,18148.751741331896
CANTON ISLAND,FUNAFUTI ATOLL,1193120.6168891725
CAP HAITIEN,PEPILLO SALCEDO,47679.07970314187
CAP LOPEZ,PORT GENTIL,11866.104802935442
CAPE CHARLES,YORKTOWN,42940.76391871009
CAPE CUVIER,USELESS LOOP,207570.89302896065
CAPE FLATTERY HARBOR,CAIRNS,223537.6746529545
CAPE TOWN,SIMONSTOWN,29691.680671807022
CARAQUET,SHIPPEGAN,18301.425409249994
CARBONEAR BAY,HARBOR GRACE,5559.755058874389
CARDINAL,LOWER LAKES TERMINAL,8614.260577343632
CARILLON,ST ANDREWS EAST,2594.8966127970043
CARIPITO,CARUPANO,65586.93242647797
CARLOFORTE,PORTO VESME,9083.58689447681
CARPINTERIA,SANTA BARBARA,15734.18582659734
CARTAGENA,EL BOSQUE,1853.288751325241
CARTERET,CHROME,1853.1775562244773
CASTINE,BUCKS HARBOR,5559.7550588736985
CASTRIES,GRAND CUL DE SAC BAY,4119.754499430317
CAYO ARCAS TERMINAL,CAMPECHE,153843.05814257538
CAYO MOA GRANDE,BAHIA DE SAGUA DE TANAMO,45119.39656020892
CEIBA TERMINAL,COGO,63759.06068579217
CH'ONGJIN,NAJIN,65481.47692067804
CHALKIS,PORTHMOS EVRIPOU,1451.0698346996128
CHANCAY,BAHIA DE ANCON,19903.808365493882
CHANGZHOU,JIANGYIN,24236.00101377638
CHAOZHOU,DONGSHAN,46550.545628605214
CHARLESTOWN,PAR,4003.1207021758173
CHARLOTTE AMALIE,CRUZ BAY,14194.2785055974
CHATHAM,TODD,8917.276652499351
CHATHAM DOCKS,ISLE OF GRAIN,11042.676818619322
CHATHAM DOCKS,THAMESPORT,11042.676818619322
CHAUMONT,SACKETS HARBOR,13041.091579329024
CHEBOYGAN,MACKINAW CITY,24423.95440216696
CHEMAINUS,CROFTON,9594.65485550035
CHERRY POINT,SEMIAHMOO,13029.712510625188
CHESTER,MARCUS HOOK,6792.871461008118
CHI-LUNG,TAN-SHUI,37320.27796856112
CHIBA KO,KATSUNAN KO,11941.421052720469
CHICAGO,CALUMET HARBOR,18052.7651654128
CHIGNIK,PORT HEIDEN,67413.96220457561
CHINDE,QUELIMANE,86096.49933504612
CHITTAGONG,MONGLA,228505.47197791046
CHIWAN,HAIKOU,27715.790990806898
CHOSHI,KASHIMA KO,26027.395131362424
CHRISTIANSTED,LIMETREE BAY,7678.323477023982
CHURCHILL,THUNDER BAY,1199092.2141692427
CHUTE A BLONDEAU,CARILLON,8000.953148776348
CIENFUEGOS,CASILDA,65534.197691139074
CITY ISLAND,YONKERS,13492.054451669843
CIVITAVECCHIA,FIUMICINO,52530.401340902834
CLARENVILLE,COME BY CHANCE HARBOR,39233.41621026405
CLARKSON,PORT CREDIT,5719.842432285225
CLAVERIA,APARRI,64317.43290097337
CLAYTON,GANANOQUE,14487.7531292407
CLIFTON PIER,NASSAU,22177.17333714216
COAL HARBOR,BERGH COVE,7777.927078577747
COATZACOALCOS,NANCHITAL,9266.221366423095
COBH,CORK,2289.567133563001
COCKBURN,MELDRUM BAY,15575.448865997952
COCKBURN TOWN,NASSAU,307139.1270702337
COLCHESTER,IPSWICH,25234.917638462794
COLD BAY,KING COVE,29533.098979447164
COLLINGWOOD,TARAKOHE,27011.020245229392
COLOMBO,GALLE HARBOR,111408.28051420693
COLONIA,PUERTO SAUCE,36864.27887293811
COLUMBIA,HERTFORD,35477.556172945464
COME BY CHANCE HARBOR,CLARENVILLE,39233.41621026405
COMODORO RIVADAVIA,PUERTO DESEADO,240969.24249819526
COMOX HARBOR,WESTVIEW,34195.58429636862
CONCARNEAU,LORIENT,44262.36563778054
CONCHAN OIL TERMINAL,PUERTO DEL CALLAO,20838.68265923596
CONCHE,RODDICKTON,16476.51622076288
CONNEAUT,ASHTABULA,21968.640313734097
CONSTANTA,BASARABI,17281.795556583165
CONSTANTINE HARBOR,KISKA,136106.26129949925
CONTRECOUR,SOREL,19619.849538731865
CONVENT,ST. JAMES,10318.494784167418
COPPER HARBOR,EAGLE HARBOR,22550.986994873503
COPPERMINE,LADY FRANKLIN POINT,105936.36558836052
COREA,WINTER HARBOR,9453.393753413133
CORINTO,PUERTO SANDINO,54779.77466353266
CORK,COBH,2289.567133563001
CORNER BROOK,STEPHENVILLE,63057.29778743355
CORNUCOPIA,BAYFIELD,22792.630197054976
CORNWALL,SOUTH LANCASTER,22449.785943129304
CORONEL,LOTA,7559.105602949598
CORPACH,FORT WILLIAM,3706.4663075485028
COTEAU LANDING,ST ZOTIQUE,3914.1493631737976
COTONOU,TIN CAN ISLAND,101303.51413558831
COUPEVILLE,PORT TOWNSEND,13882.659487580599
COURTRIGHT,ST CLAIR,1359.3653854401111
COWES HARBOUR,FAWLEY MARINE TERMINAL,6033.289681522873
COWICHAN BAY,CROFTON,13030.082290612214
COXEN HOLE,PUERTO ESTE,45496.276751458616
CRAB BAY,PORT ASHTON,2774.273176899353
CRAIG,KLAWOCK,9786.488265086333
CRESCENT CITY,SAMOA,103791.40044057998
CRIEHAVEN,MATINICUS,3706.5775026509095
CRINAN (CANAL),ARDRISHAIG,10365.33726511546
CROCKETT,PORT COSTA,2918.8303855774275
CROTONE,VIBO VALENTIA MARINA,95659.72999812369
CRUZ BAY,CHARLOTTE AMALIE,14194.2785055974
CUETA,TANGIER-MEDITERRANEAN,18014.529288808528
CUMBERLAND,MASSON,2262.7718549465367
CUNDY HARBOR,SOUTH HARPSWELL,10895.11692869422
DAESAN HANG,PYEONGTAEK HANG,35566.14105095325
DAGU TANGGU,TIANJIN XIN GANG,14409.193678813119
DAI HANG,MUI VUNG TAU,270200.98697778187
DAKAR,M BAO OIL TERMINAL,5156.74154897803
DALHOUSIE,CARAQUET,110822.18064739533
DALVIK,OLAFSFJORDHUR,12304.949052401469
DAMIETTA,BUR SAID (PORT SAID),57504.80973457308
DANDONG,NAMPO,162909.72034123755
DANUBE-BLACK SEA CANAL,MEDGIDIA,6890.463699948882
DARU,KUMUL,184750.28476993088
DARWIN,WYNDHAM,446444.5215951212
DAVISVILLE DEPOT,QUONSET POINT,3706.577502650841
DE KASTRI,LAZAREV,97431.48015746611
DEAUVILLE,HONFLEUR,11137.087793919527
DEEPWATER POINT,WILMINGTON,4676.158862067054
DEER PARK,HOUSTON,4826.972713250512
DEERING,KOTZEBUE,92900.9622539419
DEFTERDAR BURNU,HAYDARPASA,5732.844341061389
DELFZIJL,EEMSHAVEN,14569.280101984152
DELTA TERMINAL,BOTAS DORTYOL OIL TERMINAL,3497.158779078096
DEPERE,GREEN BAY,8407.578365934698
DEPOE BAY,NEWPORT,18579.286165723726
DEPOT HARBOUR,PARRY SOUND,5531.651510502498
DERINCE BURNU,GOLCUK BURNU,1853.2887513248538
DESBARATS,HILTON,9613.667008055665
DESTREHAN,ST ROSE,4817.313148808845
DEVONPORT,BEAUTY POINT,37850.222563409145
DHIAVLOS STENO,CHALKIS,1853.2887513250535
DIAMANTE,PARANA,40446.904856121604
DIDON TERMINAL,BOURI OIL FIELD,70471.45940440329
DIEGO GARCIA,MALE,1285720.1050011788
DIGBY,ANNAPOLIS ROYAL,24707.59915616847
DIKILI,ALIAGA,22747.259960107443
DILI,KUPANG,284839.76550643274
DILLINGHAM,CLARKS POINT,20741.371220780835
DISCOVERY BAY,ALOTOA,11701.989098944174
DJENO TERMINAL,POINTE NOIRE,18241.62562726275
DJIBOUTI,DORALEH,5446.1984425210985
DOHA HARBOR,AL KUWAYT,13441.936190561139
DONGES,MONTOIR,5027.151781848243
DONGGALA,POSO,138297.82216076663
DORDRECHT,ROTTERDAM,14726.51429553393
DOUGLAS,RAMSEY,19639.1160569649
DOVER HARBOR,FOLKESTONE HARBOUR,10020.871259905804
DRAG,KORSNES,22249.712670921646
DRY SPRUCE BAY,PORT VITA,14955.630672325544
DUBA,DUBA BULK PLANT TANKER TERMINAL,45629.45691669494
DUBAYY,ASH SHARIQAH,17974.531845514153
DUDINKA,UST-PORT,73624.82701867876
DUGI RAT,SPLIT,18345.902652584482
DULUTH,SUPERIOR,4493.141773427243
DUMAGUETE,BAIS,37375.592792127885
DUNKERQUE PORT EST,DUNKERQUE PORT OUEST,2976.879710500346
DUNKERQUE PORT OUEST,DUNKERQUE PORT EST,2976.879710500346
DUNKIRK,PORT COLBORNE,44996.60865749483
DUONG DONG,PHSAR REAM,51001.52790054471
DUPONT,JUNEAU,11485.381932158116
DUTCH HARBOR,UNALASKA,3706.466307548624
EAGLE HARBOR,COPPER HARBOR,22550.986994873503
EAST BREMERTON,BREMERTON,2500.8709793713856
EAST ZEIT TERMINAL,ZEIT BAY TERMINAL,1853.288751324935
EASTERN PART OF NIIGATA-KO,NIIGATA KO,19543.170943846977
EASTPORT,LUBEC,3706.4663075487406
EBOME MARINE TERMINAL,KOME KRIBI 1 MARINE TERMINAL,13104.18435257122
ECEABAT,CANAKKALE,4664.787584120353
ECKERNFORDE,KAPPELN,21380.456632354028
EDENTON,HERTFORD,20033.799152873762
EDGARTOWN,VINEYARD HAVEN,11157.399950487948
EGEGIK,NAKNEK,60951.26410808298
EKENAS,JUSSARO,18260.767094322393
EKUK,CLARKS POINT,3828.5538942641997
EL BOSQUE,CARTAGENA,1853.288751325241
EL ISMAILIYA,AS SUWAYS,73195.85635587093
EL JORF LASFAR,EL JADIDA,18376.319670567544
EL SEGUNDO,LOS ANGELES,25103.83804907718
EL TUR HARBOR,RAS SHUKHIER,34511.114797341994
EL-ADABIYA,AS SUWAYS,13716.72969718651
ELEVSIS,ASPROPIRGOS,4379.15462146759
ELIZABETH CITY,HERTFORD,25903.173928888755
ELLEFSEN HARBOR,SCOTIA BAY,17309.14112744515
ELLSWORTH,SORRENTO,20693.61661442482
ELLWOOD,SANTA BARBARA,21481.74385813093
ELSFLETH,BRAKE,11174.570648085462
ENDE,MAUMERE,66778.76860464244
ENSTED,ABENRA,3706.4663075489393
ERAWAN TERMINAL,TANTAWAN MARINE TERMINAL,109585.84770831668
ERIE,CONNEAUT,42376.69237950414
ESASI KO,MORI,47541.7356787132
ESCANABA,GLADSTONE,9619.667876999742
ESMERALDAS,TUMACO,135111.97559862374
ESPEVAER,MOSTERHAMN,19122.92047443014
ESPOIR MARINE TERMINAL,BAOBAB MARINE TERMINAL,14441.745205405789
ESSEX,NEW LONDON,25041.832192430607
EUREKA,SAMOA,1853.288751325483
EVERETT,MUKILTEO,8330.185784320083
EXCURSION INLET,HOONAH,33358.53035324442
EYEMOUTH,BERWICK-UPON-TWEED,12277.929224838987
FAIRPORT,ASHTABULA,43998.16804404468
FAKFAK,BULA,198888.33381536676
FALL RIVER,TIVERTON,8497.229935663863
FALMOUTH,WOODS HOLE,5573.062182495684
FALMOUTH,RIO BUENO,19423.697196854297
FALMOUTH HARBOUR,MEVAGISSEY,23976.100728598212
FAMAGUSTA,DHEKELIA,25831.714702962538
FATEH OIL TERMINAL,JAZIREH-YE SIRRI,37659.24274850245
FAUSKE,LAKSELV,16385.16453135076
FEODOSIYA,SUDAK,39978.15119374339
FIELDS LANDING,EUREKA,9682.23071876662
FIGEHOLM,OSKARSHAMN,11517.67977658154
FINNART OIL TERMINAL,GREENOCK,19242.092813161973
FINNSNES,GIBOSTAD,13759.960620485132
FISHGUARD,MILFORD HAVEN,33534.72311429657
FIUMICINO,ANZIO,48433.8943761868
FJALLBACKA,GREBBESTAD,9316.269200684852
FLEKKEFJORDEN,KIRKEHAMN,10759.291291838144
FORARI BAY,PORT VILA,25333.717504262397
FORT PIERCE,PALM BEACH,82189.36370672857
FOS,PORT SAINT LOUIS DU RHONE,6538.213584073589
FOWEY HARBOUR,PAR,5081.107270921371
FOYNES,TARBERT,17286.356471721643
FRAY BENTOS,CONCEPCION DEL URUGUAY,70853.05552240975
FREDERICIA,MIDDELFART,7704.112859522949
FREETOWN,PEPEL,22187.22291874044
FRENCHBORO,SWANS ISLAND,6904.835501718422
FRIDAY HARBOR,ORCAS,9620.517344518028
FRONTERA,DOS BOCAS TERMINAL,60785.91061764091
FUJAYRAH HARBOR,KHAWR FAKKAN,20996.686597431562
FUKUI,FUKUI KO,15778.451884194548
FUKUYAMA,ONOMICHI-ITOZAKI,25087.595616625553
FUNABASHI,KATSUNAN KO,3011.2180050343413
FUNAFUTI ATOLL,MATA-UTU,740179.8406884951
FUNCHAL,SANTA CRUZ DE LA PALMA,446389.22562501323
GAETA,POZZUOLI,61802.560903991536
GAIRLOCH,AULTBEA,14263.542102377274
GALATI,RENI,17010.24469082428
GALLIPOLI,OTRANTO,45330.26207100359
GANANOQUE,CLAYTON,14487.7531292407
GANGES,CROFTON,11129.067579003402
GARDINER,AUGUSTA,9266.332561524683
GARGANTUA,MICHIPICOTEN,44756.25985424185
GARY,BUFFINGTON,7170.278329190939
GATINEAU,HULL,6791.100904546932
GATINEAU,OTTAWA,6791.100904546932
GAVAN VYSOTSK,VYBORG,14945.8540412813
GAVRIO,ANDROS,19817.479493404106
GDANSK,PORT POLNOCHNY,6434.152757050702
GEBZE,KABA BURNU,1403.6346927301672
GEELONG,MELBOURNE,63280.89163339938
GELENDZHIK,NOVOROSSIYSK,29087.78458690848
GEMLIK,BORUSAN FERTILIZER JETTY,1411.0009089348268
GENOVA,SAVONA,35675.37169982653
GEORGE INLET,KETCHIKAN,12852.821943455843
GEORGETOWN,CAYMAN BRAC,178337.20588188592
GEORGETOWN,CHARLESTON,87690.6927717256
GERALDTON,USELESS LOOP,322733.27876286843
GIBOSTAD,FINNSNES,13759.960620485132
GIRESUN,ORDU,44009.37612304353
GISBORNE,NAPIER,132429.4668500001
GLADSTONE,PORT ALMA,50373.54427221067
GLEN COVE,PORT TOWNSEND,4457.1089672882545
GLOUCESTER,ROCKPORT,8466.640782366841
GLOUCESTER,PHILADELPHIA,5559.75505887508
GLOUCESTER,CAMDEN,5559.75505887508
GOLCUK BURNU,DERINCE BURNU,1853.2887513248538
GOLDSBORO,STORMONT,6404.9590183651835
GOOSE BAY,BLANC SABLON,305214.7260662517
GORE BAY,KAGAWONG,16761.107410039112
GOTEBORG,MARSTRAND,30524.20278207472
GOTO OIL TERMINAL,KRALENDIJK,13156.362067570415
GOULAIS BAY,BATCHAWANA BAY,21759.330117738155
GRAND MARAIS,WASHINGTON HARBOR,90251.09314793677
GRAND TURK,COCKBURN HARBOR,40354.608637737874
GRANGEMOUTH,ROSYTH,17609.95872656037
GRANTLEY HARBOR,NOME,95597.66070288258
GRANTON,LEITH,2073.5856137782075
GRANVILLE,SAINT-MALO,36729.88104147258
GRASSELLI,BAYWAY,1853.177556223987
GRASSELLI,GULFPORT SI,1853.177556223987
GRAVELINES,DUNKERQUE PORT OUEST,17921.332476821244
GRAVESEND,TILBURY,2961.1660651230272
GREAT LAKES,WAUKEGAN,7538.564759096992
GREEN BAY,DEPERE,8407.578365934698
GREENPORT,ESSEX,27833.696263421036
GREENVILLE,BUCHANAN,149375.6644822693
GREENWICH,PORT CHESTER,4586.572302897706
GRENVILLE,HAWKESBURY,2261.447110122521
GRETNA,NEW ORLEANS,4039.4752641805476
GREYMOUTH,WESTPORT,82303.81078231739
GRIMSBY,IMMINGHAM,10406.024302801132
GRYTVIKEN,STROMNESS HARBOR,18369.971477492763
GUAIBA ISLAND TERMINAL,GEBIG,19123.25975990439
GUANGZHOU,HUANGPU,19114.164112309812
GUANTA,BAHIA DE PERTIGALETE,2600.072841100217
GUAYAQUIL,PUERTO MARITIMO DE GUAYAQUIL,9449.459356917298
GUIRIA,PUERTO DE HIERRO,23082.24577718994
GUIUAN,PORT BORONGAN,70176.15091877927
GULFHAVEN,STIGSNAESVAERKET,1057.6970327036993
GULFPORT SI,BAYWAY,0.0
GULFPORT SI,GULFPORT SI,0.0
GULLUK,BODRUM,29060.562769068514
GUNUNG BATU BESAR,NORTH PULAU LAUT COAL TERMINAL,64890.17429093939
GUYSBOROUGH,PORT HAWKESBURY,26237.254405531916
HABU KO,ONOMICHI-ITOZAKI,11224.318192317582
HACHINOHE KO,AOMORI KO,75254.53568294836
HADERA,HAIFA,40028.7857471209
HADERSLEV,ABENRA,22638.857803382965
HADSUND,MARIAGER,11012.227501048623
HAFNARFJORDUR,STRAUMSVIK,5205.38520728481
HAI PHONG,HON GAI,39983.63872954053
HAIMEN,WENZHOU,107814.44924915046
HAINES,PORT CHILKOOT,0.0
HAINES,HAINES,0.0
HAKATA,KARATSU,42204.24027588423
HAKODATE KO,MORI,38670.48699303743
HALLSTAVIK,GRISSLEHAMN,14086.928584493782
HAMADA KO,HIROSHIMA,70501.65263137166
HAMILTON,KOTLIK,23731.963890142837
HAMILTON,BRONTE,19862.646289316865
HAMMERFEST,KVALSUND,21919.725930610537
HANA,KAHULUI,52929.92651229153
HANSTHOLM,THISTED,21264.34227947532
HARBOR GRACE,CARBONEAR BAY,5559.755058874389
HARLINGEN,DEN HELDER,48686.80499881422
HARMAC,NANAIMO,7104.415462702308
HARNOSAND,ULVVIK,5033.62740950192
HARSTAD,ULVIK,28360.750884433717
HASLE,RONNE,9266.221366423313
HAVRE DE GRACE,NEW CASTLE,46133.336782179955
HAVRE ST PIERRE,MINGAN,30138.093820468766
HAWK INLET,FUNTER,17237.528615274503
HAWKESBURY,GRENVILLE,2261.447110122521
HAY POINT,MACKAY,20447.144737834067
HAYDARPASA,ISTANBUL,4586.57230289785
HAYLE,PENZANCE,11137.839061040962
HAZIRA,MAGDALLA,14191.66488887314
HEILIGENHAFEN,ORTH,10221.404463972136
HENICHESK,KYRYLIVKA,46942.048616418426
HERON BAY,QUEBEC HARBOUR,112367.410007489
HERTFORD,EDENTON,20033.799152873762
HIBI KO,UNO KO,4009.0568067934482
HIBIKINADA,TOBATA,2408.073083181276
HIDDEN INLET,PORT SIMPSON,43104.949275565916
HILO,HONOKAA,58404.09076218938
HILTON,BRUCE MINES,8533.87788726075
HIMANKA,RAHJA,22604.337269063984
HIMEJI,HIROHATA,1853.288751325262
HIROHATA,SHIKAMA,1522.4416701694545
HIROSHIMA,KURE,15063.239909868133
HITACHI,ONAHAMA KO,53728.12570629143
HOBRO,MARIAGER,11361.739571445525
HOGG ISLAND,BEAR ISLAND,1853.2887513250782
HOLSTEBRO-STUER,LEMVIG,20593.97474505957
HOMMELVIK,MURUVIK,3101.731110355605
HONIARA,TULAGHI,41492.688091534146
HONOLULU,BARBERS POINT TERMINAL,24458.393252190388
HONORA,KAGAWONG,8515.060982443872
HONUAPO,MILOLII,38412.96785299973
HOOD BAY,CHATHAM,28984.256164351013
HOONAH,EXCURSION INLET,33358.53035324442
HOPA,BATUMI,33259.4987315169
HORNABJORDUR,DJUPIVOGUR,64968.52309168533
HORNILLO,AGUILAS,1472.2796782115322
HORSENS,VEJLE,25098.19010758877
HORTEN,MOSS,10127.194492848897
HOUGHTON,BARAGA,37600.985513831336
HOUND POINT TERMINAL,ROSYTH,4539.872419941045
HOUSTON,DEER PARK,4826.972713250512
HUANGPUXINGANG,HUANGPU,9296.23829125859
HUDSON,OKA SUR LE LAC,3899.190115566968
HULL,HULL,0.0
HULL,OTTAWA,0.0
HULUDAO GANG,JINZHOU WAN,11294.596074334562
HUNNEBOSTRAND,BOVALLSTRAND,5888.148176852689
HUSAVIK,KOPASKER,48466.40922747282
HUSUM,BUSUM,40695.02871248455
HUSUM,DOMSJO,22097.955949045747
HYANNIS,HYANNIS PORT,2313.628786665282
HYDABURG,WATERFALL,27683.599101529955
HYDER,STEWART,1853.1775562242256
IBO,PEMBA,71552.1439670357
IGARKA,DUDINKA,213856.76760853932
IGGESUND,HUDIKSVALL,9431.459561863086
IJMUIDEN,ZAANDAM,17342.774740574678
ILLULISSAT (JAKOBSHAVN),QASIGIANNGUIT-CHRISTIANSHAB,44601.63200984351
IMABARI KO,NAMIKATA,12096.682379969086
IMARI,SASEBO,20214.573326717204
IMBITUBA,LAGUNA,31773.36206977349
IMPERIA,SAN REMO,21373.895478962102
INCHON,DAESAN HANG,53587.633903810005
INDIANA HARBOR,BUFFINGTON,3956.790284629444
INEBOLU,SINOP,115893.40120547714
INHAMBANE,MAPUTO,364135.03873099905
INVERGORDON,CROMARTY,7925.998602062144
IQUIQUE,CALETA PATILLOS,59405.593527156605
ISABEL,PALOMPON,15798.683447425403
ISABELA DE SAGUA,CIENFUEGOS,100243.1767156462
ISHIKARI BAY NEW PORT,ISIKARI WAN,7001.791227447326
ISIKARI WAN,ISHIKARI BAY NEW PORT,7001.791227447326
ISKENDERUN,YAKACIK,13057.702704263742
ISLA SAN MARCOS,SANTA ROSALIA,24629.27129663471
ISLE OF GRAIN,ISLE OF GRAIN,0.0
ISLE OF GRAIN,THAMESPORT,0.0
ISTANBUL,HAYDARPASA,4586.57230289785
ISTHMUS COVE,AVALON,20329.51278192196
ITACOATIARA,MANAUS,173953.73399506937
ITAQUI,TUTOIA,232654.7173120088
ITEA,AIYION,35506.398568852914
IVANOF BAY,PORT MOLLER,71553.54244570367
IWAKUNI KO,KANOKAWA KO,16863.972722155544
IZMIR,NEMRUT LIMANI BAY,41573.22793928896
IZMIT,DERINCE BURNU,8624.179552537591
IZUHARA,KARATSU,100704.15826499432
JABUNG BATANGHARI MARINE TERMINAL,DABO,72368.4576223998
JAKARTA,ARDJUNA OIL FIELD,95253.54921066386
JASK,KHAWR FAKKAN,142373.9746596331
JAYAPURA,VANIMO,49196.878176758735
JAZIREH-YE HORMOZ,BANDAR ABBAS,25358.28115874879
JERVIS BAY,PORT KEMBLA,71224.7424562231
JIDDAH,RABIGH,140512.60441028306
JIJEL,DJEN-DJEN,9091.704645660078
JOHNSTON ATOLL,TERN ISLAND,860057.1387630902
JONESPORT,WYMAN,19905.42971003496
JOSE IGNACIO,LA PALOMA,60288.85904762169
JOSE PANGANIBAN,HONDAGUA,61062.647383421885
JOSE TERMINAL,PUERTO LA CRUZ,28991.775430998845
JU AYMAH LPG TERMINAL,JU AYMAH OIL TERMINAL,7594.9443384100105
JU AYMAH OIL TERMINAL,JU AYMAH LPG TERMINAL,7594.9443384100105
JUNEAU,DUPONT,11485.381932158116
KABA BURNU,GEBZE,1403.6346927301672
KAGAWONG,HONORA,8515.060982443872
KAGOSHIMA KO,KIIRE,22295.10935603318
KAHULUI,LAHAINA,21106.094385650253
KAJALLEQ UPERNAVIK,UPERNAVIK,71616.2570552608
KAKE,WASHINGTON BAY,36263.64587830109
KAKINADA BAY,VISHAKHAPATNAM,129099.57386629544
KALAMA,RAINIER,9813.756103948434
KALMAR,DEGERHAMN,35345.21743078655
KALUNDBORG,KERTEMINDE,37623.01060620266
KAMBO,MOSS,2078.825392408727
KAMPONG SAOM,PHSAR REAM,18419.965641482326
KANDA,KOKURA KO,16592.5784059148
KANDALAKSHA,VITINO,7044.128419925232
KANGAMIUT,MANIITSOQ,47832.376994355356
KANKESANTURAI,NAGAPPATTINAM,107877.71759291284
KANOKAWA KO,MITSUKOJIMA,7665.518226267131
KANTANG HARBOR,KRABI,99326.67329241738
KAO-HSIUNG,MAILIAO,130006.80574990383
KARABIGA,ERDEK,40975.261735629356
KARACHI,MUHAMAMAD BIN QASIM,37065.32020875932
KARAIKAL PORT,NAGAPPATTINAM,7633.1940309913125
KARATSU,IMARI,23546.59609073877
KARLUK,UYAK,27817.435088632297
KARUMBA,CAIRNS,529545.3547475704
KARWAR,BELEKERI,20698.743036549902
KASAAN,UNION BAY,28381.01501162991
KASIM TERMINAL,SALAWATI,6681.485325269648
KAUKAUNA,DEPERE,24417.375064105014
KAUMALAPAU HARBOR,KAMALO,32032.60863697382
KAUNAKAKAI,KAMALO,15999.706023056175
KAVALA,LAGOS,62016.876909193255
KAVIENG HARBOR,HAMBURG HARBOR,140475.46229343768
KAVKAZ OIL TERMINAL,KERCH,13157.292421884877
KAWAIHAE,MAHUKONA,18073.622273979036
KAWASAKI KO,YOKOHAMA KO,17507.818197122913
KEFLAVIK,STRAUMSVIK,24977.1273690396
KENDARI,RAHA ROADSTEAD,99620.12530319026
KENNEBUNKPORT,SACO,14886.933292215972
KENOSHA,RACINE,16900.535601447133
KERCH,KAVKAZ OIL TERMINAL,13157.292421884877
KERET,KOVDA,54247.77238311385
KERKIRA,VLORES,101459.13773279042
KETCHIKAN,WARD COVE,9093.188664264031
KEWAUNEE,ALGOMA,15739.558518038746
KEY WEST,BAHAI DE LA HABANA,167162.9024326861
KEYPORT,POULSBO,4467.262536970065
KHANOM,ERAWAN TERMINAL,159569.04625811742
KHAWR AL ZUBAIR,KHAWR AL ZUBAIR LNG TERMINAL,5786.074007786636
KHAWR FAKKAN,FUJAYRAH HARBOR,20996.686597431562
KHERSON,DNIPRO-BUZKYY,56195.699723832295
KHIOS,PLOMARION,71499.39587715037
KHOLMSK,NEVELSK,44846.24589365527
KHOMS,MISRATAH,96581.44377997587
KHORLY,SKADOVS'K,28335.925523736292
KHORRAMSHAHR,ABADAN,14685.262512203262
KHOSROWABAD,ABADAN,22527.275407215373
KIIRE,KAGOSHIMA KO,22295.10935603318
KIJANG,TANJUNGPINANG,18250.615204388287
KIKUMA KO,NAMIKATA,11116.100909620824
KILIFI,MOMBASA,53048.08490141404
KILLARNEY,SHEGUIANDAH,31810.03877591325
KILRUSH,TARBERT,10581.53650440337
KILWA KIVINJE,MIKINDANI,187741.9781839877
KIMCH'AEK,CH'AHO,69710.79165864129
KING COVE,BELKOFSKI,18417.485636988873
KING FAHD PORT,YANBU,22502.692336986394
KINGSCOTE,PORT GILES,67804.53711723199
KINGSTON,POUGHKEEPSIE,25982.22545679003
KINGSTON,PORT ESQUIVEL,38171.00775314756
KINGSTON,WOLFE ISLAND,6478.094636994717
KINGSTON,NOUMEA,769405.6122755441
KINUURA KO,ATSUMI,23003.704910115426
KIRKENES,VADSO,38797.37326543756
KIRTEH OIL TERMINAL,KEMAMAN HARBOR,35211.8191045703
KISARAZU KO,KAWASAKI KO,18208.098633636357
KISMAAYO,BARAAWE,233268.5875013515
KITIMAT,KEMANO BAY,67888.20695682114
KJERRINGOY,BODO,30683.681965971315
KJOLLEFJORDEN,HONNINGSVAG,48491.181835031224
KLAWOCK,CRAIG,9786.488265086333
KLEIN POINT,PORT GILES,7412.932615098224
KLEMTU,BELLA BELLA,54231.34897125111
KNUDSON COVE,WARD COVE,8523.074340462688
KO SI CHANG TERMINAL,SIAM SEAPORT,8114.565185106517
KOCHI (COCHIN),QUILON (KOLLAM),126431.50574011522
KOCHI KO,SUSAKI KO,27937.66212877297
KODIAK,WOMENS BAY,10142.591154115822
KOGE,FAKSE LADEPLADS HAVN,26030.999065086893
KOGGIUNG,NAKNEK,28387.880225850124
KOKKOLA,JAKOBSTAD,25286.240926898456
KOKURA KO,WAKAMATSU KO,6426.455792383617
KOLACHEL,TRIVANDRUM,48263.07963765372
KOLE OIL TERMINAL,MOUDI MARINE TERMINAL,16567.14643603495
KOLOBRZEG,DARLOWO,61146.90358512041
KOMATSUSHIMA,TACHIBANA,17776.92930583504
KOPASKER,RAUFARHOFN,29561.357069703445
KOPMANHOLMEN,DOMSJO,13421.370150116096
KORSAKOV,NEVELSK,68931.98797236159
KORSNES,TRANOY,18093.915943279444
KOTA BARU,NORTH PULAU LAUT COAL TERMINAL,8277.465985759341
KOTA KINABALU,SAPANGAR BAY,12418.248105504883
KOTOR,TIVAT,5777.306457967203
KOTZEBUE,DEERING,92900.9622539419
KOVDA,VITINO,50544.65814266621
KRABI,PHUKET,62535.02642860969
KRAGERO,RISOR,19742.674841245534
KRALENDIJK,SALINA,7413.043810199501
KRAMFORS,VAJA,6975.55525335934
KUALA BELAIT,SERIA OIL LOADING TERMINAL,13062.678225167609
KUALA TRENGGANU,KIRTEH OIL TERMINAL,94606.73299272027
KUANTAN NEW PORT,KEMAMAN HARBOR,31721.41896040056
KUCHING,TG. MANI,128680.02857883208
KUDAMATSU,TOKUYAMA,5913.941162527277
KUDAT,SAPANGAR BAY,120322.74821038505
KUMUL,DARU,184750.28476993088
KUNSAN,PYEONGTAEK HANG,114230.1108438219
KUPANG,LARANTUKA,212464.97048231767
KURE,MITSUKOJIMA,6348.747199355261
KVALSUND,HAMMERFEST,21919.725930610537
KYLE OF LOCHALSH,KYLEAKIN,2106.645095710504
KYNDBYVAERKETS HAVN,FREDERIKSSUND,10573.81020958246
KYOMIP'O,NAMPO,18886.927832222456
KYRENIA,XEROS,51403.40048529659
KYRYLIVKA,HENICHESK,46942.048616418426
L ANSE,BARAGA,2246.1247484791947
LA CEIBA,PUERTO ESTE,35030.22820248284
LA CORUNA,FERROL,18693.704398195885
LA GOULETTE,RADES,1853.2887513250523
LA LIBERTAD,PUERTO MARITIMO DE GUAYAQUIL,113204.19572842642
LA MADDALENA,BONIFACIO,29186.276495632235
LA PALOMA,JOSE IGNACIO,60288.85904762169
LA PAMPILLA OIL TERMINAL,PUERTO DEL CALLAO,13098.851847339916
LA PAZ,PICHILINGUE,11247.219226463214
LA PLATA,COLONIA,40885.315961133696
LA POINTE,BAYFIELD,3142.4037040535286
LA PUSH,SEKIU,47701.45904728862
LA ROCHELLE,LA PALLICE,5458.993885813304
LA SALINA,BAJO GRANDE,24705.629572046804
LA UNION,PUERTO DE HENCAN,42127.418283637
LABUHA,TERNATE,157798.6110194826
LAE,MADANG,213462.6156501776
LAEM CHABANG,SI RACHA TERMINAL,3706.5775026502365
LAGOS,FARO,61081.15489832357
LAGOS,TIN CAN ISLAND,7838.408981097427
LAGUNA,IMBITUBA,31773.36206977349
LAHAD DATU,BAKAPIT,30455.81963424231
LAHAINA,KAHULUI,21106.094385650253
LAJES,HORTA,35197.65080649581
LAKE CHARLES,HAYMARK TERMINAL,11266.508056328506
LAKKI,KALIMNOS,23571.649629109157
LAKSELV,FAUSKE,16385.16453135076
LAMLASH HARBOR,ARDROSSAN,22883.01440784749
LANGSTEIN,MURUVIK,11393.190534461693
LARANTUKA,MAUMERE,89378.67261269482
LARGS,HUNTERSTON,5656.614164214946
LARIMNA,PORTHMOS EVRIPOU,28370.487493705692
LARNACA,DHEKELIA,8236.357611979027
LARNE,KILROOT,14029.79747672305
LARSEN BAY,UYAK,11163.804873840898
LARVIK,SANDEFJORDEN,13620.247261371196
LAS MAREAS,BAHIA DE JOBOS,1762.9756619988927
LAS PALMAS,SANTA CRUZ DE TENERIFE,87359.58617835824
LAS PIEDRAS,AMUAY (BAHIA DE AMUAY),5848.360550113681
LAUNCESTON,BEAUTY POINT,41723.41386264829
LAVRIO,PIRAIEVS,44863.90440337411
LAZAREV,DE KASTRI,97431.48015746611
LAZARO CARDENAS,MANZANILLO,258495.03926139287
LE TREPORT,SAINT-VALERY-SUR-SOMME,22043.611649113653
LE VERDON,ROCHEFORT,43325.396042670225
LEAMINGTON,KINGSVILLE,11168.33997210553
LEER,PAPENBURG,15477.694191065084
LEIRVIK,SAGVAG,6788.318456687245
LELE HARBOR,POHNPEI HARBOR,564942.8348738858
LEMVIG,THYBORON,13598.112615085065
LEONARDO,SOUTH AMBOY,17811.15144817802
LES SABLES D' OLONNE,LA PALLICE,58133.99942673158
LESOGORSK,SHAKHTERSK,31873.80252920606
LETNIKOF COVE,PORT CHILKOOT,5874.608564638992
LETNIKOF COVE,HAINES,5874.608564638992
LIANYUNGANG,RIZHAO,73052.72522095781
LIBREVILLE,PORT OWENDO,12431.947856983672
LIELUPE,RIGA,40781.85697852841
LILANDSGRUNNEN,LITLE BALLANGEN,16734.939431537125
LIMASSOL,XEROS,55525.66643937621
LIMERICK,FOYNES,33800.106534528895
LIMHAMN,MALMO,5592.772481347063
LIMIN KOS,BODRUM,19935.011570500774
LINDEN,NEW AMSTERDAM,90957.58382790053
LINGKAS,TANJUNG ARANG  (BUNYU),32960.84381079058
LIONS HEAD,WIARTON,27526.46334756976
LIPARI,MILAZZO,38596.582678851155
LIRQUEN,PENCO,1485.599531758917
LISBOA,SETUBAL,30862.141393248996
LITLE BALLANGEN,LILANDSGRUNNEN,16734.939431537125
LITTLE CURRENT,SHEGUIANDAH,9355.402613758108
LITTLE PORT WALTER,BIG PORT WALTER,6156.136294904523
LIVORNO,VADA,24706.717122608603
LOCKEPORT,LIVERPOOL (BROOKLYN),52662.94880159846
LODINGEN,KORSNES,18733.560699834972
LOME,KPEME,26839.508937155875
LON SHUI TERMINAL,HONG KONG,221211.30744440074
LONDON,TILBURY,29089.4641516289
LONG BEACH,LOS ANGELES,6435.739650051785
LONGAN ISLAND,WEWAK HARBOR,271600.9120128741
LONGVIEW,RAINIER,5559.755058874963
LONGYEARBYEN,BARENTSBURG,36665.964674770185
LOOP TERMINAL,GRAND ISLE,38951.98771874984
LORAIN,VERMILION,15723.015257072873
LORENGAU,HAMBURG HARBOR,303086.16316158575
LOS ANGELES,LONG BEACH,6435.739650051785
LOTA,CORONEL,7559.105602949598
LUBEC,EASTPORT,3706.4663075487406
LUCEA,MONTEGO BAY,24680.483955688924
LUCINDA,TOWNSVILLE,97675.72142133076
LUGANVILLE,PORT VILA,275253.51927196677
LUMUT,SERIA OIL LOADING TERMINAL,18493.189389953382
LUMUT,TELUK ANSON,48866.24215001195
LUNENBURG,LIVERPOOL (BROOKLYN),47122.29169710135
LUTONG,MIRI,9976.02280151157
LYNDIANE,BANJUL,90642.40612773098
LYNESS,SOUTH NESS,3706.466307549783
LYNN,SALEM,9210.88934587068
MAASIN,BAYBAY,61265.85856305363
MAASSLUIS,VLAARDINGEN,7105.800603755515
MACAU,ZHUHAI,5818.462428863386
MACDUFF,BUCKIE HARBOR,27809.01883869174
MACHIASPORT,MACHIAS,5584.892380880199
MACKINAC ISLAND,ST IGNACE,7745.174341893239
MACKINAW CITY,ST IGNACE,7413.043810199443
MADISONVILLE,SLIDELL,38185.66535535288
MADRE DE DEUS,ARATU,13183.822461690164
MAGDALLA,HAZIRA,14191.66488887314
MAHAJANGA,ANDOANY,335683.434125741
MAHDIA,SOUSSE,52826.308413695726
MAIZURU KO,MIYAZU,12207.77750406935
MAKUSHIN,CANNERY BAY,17044.38134518814
MALAGA,MOTRIL,80288.66381679484
MALAI,SAVUSAVU BAY,46467.352561637046
MALAKAL HARBOR,COLONIA,472295.7879831528
MALE,KOLACHEL,607967.057593553
MALONG MARINE TERMINAL,BELIDA MARINE TERMINAL,65754.85909824554
MALONGO OIL TERMINAL,FUTILA TERMINAL,11223.468150738496
MAMONAL,EL BOSQUE,9443.839101343981
MANADO,BITUNG,39605.47580077284
MANATI,PUERTO PADRE,30776.372334537886
MANAUS,ITACOATIARA,173953.73399506937
MANGALIA,CONSTANTA,39282.00756844891
MANIITSOQ,KANGAMIUT,47832.376994355356
MANISTEE,LUDINGTON,35016.389238082724
MANITOWANING,SHEGUIANDAH,18971.597583787363
MANITOWOC,TWO RIVERS,8669.103357685615
MAP TA PHUT,RAYONG TPI TERMINAL,14933.402001267239
MAR DEL PLATA,QUEQUEN,118752.57666689722
MARACAIBO,BAJO GRANDE,13474.63594934848
MARBLEHEAD,SALEM,3301.560648151282
MARCUS HOOK,CHESTER,6792.871461008118
MARE ISLAND,SOUTH VALLEJO,2358.420408591791
MARGOSATUBIG,PAGADIAN,40449.85066256316
MARIAGER,HADSUND,11012.227501048623
MARIEL,CABANAS,22255.752252251714
MARINERS HARBOR SI,ELIZABETHPORT,2326.3794711804467
MARINETTE,MENOMINEE,1853.288751324257
MARIVELES,NASUGBU,41486.274881864425
MARKA,MUQDISHO,72152.19207735099
MAROANTSETRA,IHARANA,234342.9313063452
MARSALA,MAZARA DEL VALLO,19846.725889655518
MARSEILLE,PORT-DE-BOUC,32347.01882936887
MARTINEZ,BENICIA,2359.037259693821
MASAN,CHINAE,9396.94188912532
MASBATE,SORSOGON,78617.15073885165
MASSACRE BAY,ALCAN HARBOR,57137.3011405012
MASSON,CUMBERLAND,2262.7718549465367
MATA-UTU,APIA,475739.4606397607
MATANE,BAIE COMEAU,61069.309864840965
MATSU-SHIMA,SASEBO,28132.041591001453
MATSUSAKA,TOBA,29013.1528374643
MATSUYAMA,KIKUMA KO,23808.84245183435
MATTHEW TOWN,CAYO MOA GRANDE,130327.99963993825
MAURER,SEWAREN,1853.2887513249805
MAURER,PORT SOCONY,1853.2887513249805
MAYPORT,JACKSONVILLE,22760.4269781269
MAZARA DEL VALLO,MARSALA,19846.725889655518
MCCORD,PORT HOBRON,2734.0691524804834
MCMURDO STATION,BLUFF HARBOR,3475613.2617341136
MEDBY,SJOVEGAN,5455.512607907234
MEGA,SHIKAMA,4928.455904248475
MEJILLONES,ANTOFAGASTA,61369.87015807096
MELBOURNE,WESTERN PORT,62009.638694042515
MELDRUM BAY,COCKBURN,15575.448865997952
MELING,SAGVAG,15041.291683986896
MENOMINEE,MARINETTE,1853.288751324257
MERGUI,BANG SAPHAN,176537.03208506978
MERSA MATRUH,EL HAMRA OIL TERMINAL,160662.34644537815
MERSA TOBRUQ,DARNAH,146404.40606526937
MESSINA,REGGIO DI CALABRIA,11787.702228886246
METHIL,BURNTISLAND,20713.191419191702
METLAKATLA,KETCHIKAN,22858.121892814706
MEZEN,ARKHANGELS'K,223354.0239988143
MICHIGAN CITY,GARY,38256.94046933537
MIDIA,CONSTANTA,20428.897113325245
MIDWAY ISLAND,TERN ISLAND,1206275.9556708038
MIEI,MANOKWARI ROAD,212666.7478262269
MIIKE KO,MISUMI KO,44722.88041515058
MIKINDANI,MTWARA,7294.35276169846
MIKONOS,LIMIN SIROU,33893.57275890761
MILBRIDGE,WYMAN,2275.9328583693696
MILIANA,TSINGELI,31610.671376706938
MILLHAVEN,KINGSTON,18961.11809080376
MILLPORT,HUNTERSTON,2086.0800632737614
MILOLII,KAUHAKO BAY,22239.02023549684
MILOS,LIMIN SIROU,91203.31327888658
MILWAUKEE,RACINE,34339.13702394961
MINA AL FAHL,MINA QABUS,6791.207398459102
MINA QABUS,MINA AL FAHL,6791.207398459102
MINA RAYSUT,NISHTUN,230170.4439576416
MINATITLAN,NANCHITAL,25576.721547508834
MINGAN,HAVRE ST PIERRE,30138.093820468766
MINTURN,SWANS ISLAND,1853.2887513244807
MISHIMA-KAWANOE KO,NIIHAMA,24654.833452167124
MITILINI,PLOMARION,21601.900312621383
MITSUKOJIMA,KURE,6348.747199355261
MIYAKO,KAMAISHI KO,41394.54470894735
MIYAZU,MAIZURU KO,12207.77750406935
MIZUSHIMA KO,HIBI KO,17701.241885411167
MO INLET,HEMNESBERGET,24903.216590945205
MOBILE,PASCAGOULA,56850.52994613242
MOCAMBIQUE,NACALA,56057.657543851354
MOEN,POHNPEI HARBOR,704119.5473736866
MOENGO,PARANAM,75640.10199353038
MOHAMMEDIA,CASABLANCA,23883.725714134576
MOJI KO,SHIMONOSEKI,3590.3075045794094
MOLFETTA,BARI,24166.295128487032
MOMBETSU KO,ABASHIRI KO,83141.75914529474
MONFALCONE,TRIESTE,22422.51237869505
MONGSTAD,STURA,24372.087865152458
MONOPOLI,BARI,41669.35542130105
MONROE,TOLEDO,23189.804465081084
MONROVIA,BUCHANAN,96852.30236429065
MONTAUK HARBOR,NOANK,28111.844309232663
MONTEBELLO,FASSETT,5181.933146029438
MONTEVIDEO,PUERTO SAUCE,124157.17007542052
MONTOIR,DONGES,5027.151781848243
MONTREAL,BEAUHARNOIS,34226.99107593637
MORGAN CITY,ST. JAMES,41705.98225625635
MORI,HAKODATE KO,38670.48699303743
MOSJOEN,SANDNESSJOEN,32806.50869643449
MOSKAL VO,OKHA,33225.97624124412
MOSS,KAMBO,2078.825392408727
MOSS LANDING,MONTEREY,22249.58726472686
MOSTERHAMN,SAGVAG,7471.6643657431905
MOTRIL,ADRA,43107.37140124122
MOUDI MARINE TERMINAL,KOLE OIL TERMINAL,16567.14643603495
MOUNT DESERT,NORTHEAST HARBOR,8412.388550924668
MOURILYAN HARBOUR,CAIRNS,84585.77695435578
MTWARA,MIKINDANI,7294.35276169846
MUAR,MELAKA,38940.527314223276
MUDANYA,BORUSAN FERTILIZER JETTY,18717.875435700258
MUGGIA,TRIESTE,5559.75505887398
MUMBAI (BOMBAY),JAWAHARLAL NEHRU PORT (NHAVA SHIVA),8957.395873420273
MUNDRA,VADINAR TERMINAL,24092.19779172065
MUQDISHO,MARKA,72152.19207735099
MURORAN KO,MORI,40855.81234952123
MUSKEGON,WHITE LAKE,17990.632523161577
MUTUREZIMA KO,HIBIKINADA,4815.858569500158
MUUGA-PORT OF TALLIN,TALLINN,11752.458567987129
MYS ABRAM,MURMANSK,664.6625627072436
MYS NOVYY PORT,UST-PORT,515781.1259639275
MYS ROGATYY OKTYABRSKIY,ALEKSANDROVSK -SAKHALINSKIY,18679.918955615132
MYSTIC,NOANK,3959.0659974617292
NAESTVED,FAKSE LADEPLADS HAVN,26490.17651003373
NAGAPPATTINAM,KARAIKAL PORT,7633.1940309913125
NAGASAKI,MATSU-SHIMA,33557.84336247164
NAGOYA KO,YOKKAICHI,23982.609246675627
NAHMA,GLADSTONE,27175.419377407645
NAJIN,SENBONG,13831.808910032007
NAKHODKA,VOSTOCHNYY,17244.83911731095
NAMIKATA,KIKUMA KO,11116.100909620824
NAMSOS,SALSBRUKET,40974.31442790822
NANCHITAL,COATZACOALCOS,9266.221366423095
NANJING,ZHENJIANG,66018.0353006984
NANOOSE HARBOR,NANAIMO,19269.133318504042
NANTES,DONGES,39343.59980891589
NAOETSU KO,KASHIWAZAKI,33469.366256668196
NAPIER,GISBORNE,132429.4668500001
NAPOLI,BAGNOLI,9193.452679249915
NAPOOPOO,KAUHAKO BAY,11655.928369875408
NARVIK,LILANDSGRUNNEN,22473.645623327837
NASSAU,CLIFTON PIER,22177.17333714216
NATAL,CABEDELO,137678.2878251124
NAURU,TARAWA ATOLL,700438.6118953209
NAVPLIO,SPETSES,46490.8474571158
NAWILIWILI BAY,AHUKINI LANDING,5819.330454729488
NEIAFU,PANGAI,133543.51391553154
NEKSO,RONNE,27827.954689104517
NELSON,TARAKOHE,55603.387164004926
NEMRUT LIMANI BAY,ALIAGA,7552.313024217395
NEVELSK,KHOLMSK,44846.24589365527
NEW BEDFORD,FALL RIVER,22049.83853540973
NEW BERN,BAYBORO,26361.05418655511
NEW CASTLE,DEEPWATER POINT,7015.8830757656915
NEW HARBOR,PEMAQUID BEACH,4008.3297588160926
NEW HAVEN,BRIDGEPORT,23509.84030472584
NEW HOLLAND,KINGSTON UPON HULL,7808.265931369954
NEW LONDON,NOANK,9135.133326476598
NEW MANGALORE,AZHIKAL (AZHIKKAL),122960.04561306514
NEW PLYMOUTH,WANGANUI,130411.37391331597
NEW YORK CITY,JERSEY CITY,2325.5302461474103
NEWARK,BAYONNE,4604.964274566656
NEWBURGH,POUGHKEEPSIE,22624.30959966184
NEWBURYPORT,ROCKPORT,26363.046553599237
NEWCASTLE,SYDNEY,118708.03844181409
NEWLYN,PENZANCE,2201.684001552984
NEWPORT,QUONSET POINT,10800.385903937069
NEWPORT BEACH,LONG BEACH,31069.951778447088
NEWPORT NEWS,NORFOLK,17573.556878698277
NGHE TINH,HAI PHONG,257575.6546478135
NHA TRANG,VINH CAM RANH,41411.0027031491
NIAQORNAT,UUMMANNAQ HARBOR,57115.241152931354
NICARO,FELTON,5520.332976579989
NIEUW NICKERIE,NEW AMSTERDAM,66152.18809559706
NIEUWPOORT,OOSTENDE,16080.814539363373
NIIGATA KO,EASTERN PART OF NIIGATA-KO,19543.170943846977
NIKISKI,KENAI,16514.410881847252
NIKOL SKOYE,PETROPAVLOVSK,533963.601750663
NIKOLAYEVSK NA AMUR,LAZAREV,114797.01116678916
NINILCHIK,SNUG HARBOR,50232.52905526042
NOME,SOLOMON,48940.345466974875
NONOPAPA,PORT ALLEN,67171.17585503346
NORDENHAM,BREMERHAVEN,8639.472008728337
NORFOLK,PORTSMOUTH,3706.466307549494
NORHEIMSUND,VAKSDAL,26290.780900706995
NORTH PULAU LAUT COAL TERMINAL,KOTA BARU,8277.465985759341
NORTHEAST HARBOR,SOUTHWEST HARBOR,3236.335634461951
NORWALK,SOUTHPORT,11768.473027387548
NORWICH,NEW LONDON,18532.553927947618
NOSHIRO KO,AKITA-FUNAKAWA KO,42624.862914770114
NOUAKCHOTT,ST LOUIS,230055.61566154967
NOWY PORT,PORT POLNOCHNY,3728.9546873190975
NUEVA GERONA,MARIEL,118719.28094220748
NUKU ALOFA,PANGAI,172689.22498237985
NY ALESUND,BARENTSBURG,107216.47744362791
NYBORG,KERTEMINDE,17051.273658540216
NYKOBING (FALSTER),NYSTED,14035.057462277986
NYNASHAMN,SODERTALJE,36341.04174822512
O0KIHAMA,HIMEJI,6090.8132727381635
OAKVILLE,BRONTE,5481.523203915693
OCEAN CITY,SALISBURY,45207.119862961736
OCHO RIOS,RIO BUENO,37335.95327921279
OCONTO,MARINETTE,27427.335147769467
ODENSE,KERTEMINDE,18255.245235687442
OGDENSBURG,LOWER LAKES TERMINAL,4546.951950909867
OGUENDJO TERMINAL,PORT GENTIL,86230.66528079465
OITA KO,BEPPU,15791.427703243182
OKA SUR LE LAC,HUDSON,3899.190115566968
OKHA,MOSKAL VO,33225.97624124412
OLBIA,LA MADDALENA,32270.724635705308
OLEUM,SOUTH VALLEJO,3983.3171013831325
OLYMPIA,NISQUALLY HEAD,13562.64758866074
ONAGAWA,ISHINOMAKI KO,12877.075953683994
ONAHAMA KO,HITACHI,53728.12570629143
ONNE,OKRIKA,8265.771726468327
ONODA,UBE KO,8730.121966603992
ONTONAGON,HOUGHTON,63666.22637597799
ORCA,CORDOVA,4604.604367512518
ORDU,GIRESUN,44009.37612304353
ORISTANO,PORTO DI ORISTANO,0.0
ORISTANO,ORISTANO,0.0
ORMOS MIKRO VATHI,DHIAVLOS STENO,1853.2887513256644
ORNES,GLOMFJORD,12918.86193856189
ORNSKOLDSVIK,DOMSJO,2031.9464042761842
ORO BAY,PORT MORESBY,161765.90051686074
OSTROVNOY GREMIKHA,BOLSHAYA PIRYU GUBA,268680.36021818535
OTARU KO,ISHIKARI BAY NEW PORT,21691.69678793878
OTTAWA,HULL,0.0
OTTAWA,OTTAWA,0.0
OWASE KO,SHINGU,49420.81842386005
OWEN SOUND,WIARTON,24364.297613290066
PADLOPING ISLAND,PANGNIRTUNG,166662.99653414884
PAGADIAN,MARGOSATUBIG,40449.85066256316
PAGO PAGO HARBOR,APIA,129505.51072429262
PAKHI OIL TERMINAL,MEGARA OIL TERMINAL,1461.0750158258472
PALACIOS,PORT OCONNOR,31523.333712262185
PALAMOS,LAS HORMIGAS,6650.528823804988
PALANCA TERMINAL,ESTRELA OIL FIELD,55597.55058874206
PALEMBANG,SUNGAIGERONG,7402.885990335291
PANAJI,MARMAGAO,7625.197256369399
PANAMA CITY,PORT ST JOE,47652.26004241258
PANARUKAN,PROBOLINGGO,78991.382298775
PANGAI,NEIAFU,133543.51391553154
PANGNIRTUNG,PADLOPING ISLAND,166662.99653414884
PAPEETE,UTUROA,217384.29693417
PARADIP,HALDIA PORT,242785.7181648984
PARAMARIBO,PARANAM,25196.037689177854
PARANAM,PARAMARIBO,25196.037689177854
PATANI,TERNATE,158864.79933869623
PATCHOGUE,PORT JEFFERSON,22935.038715775034
PATRAI,MESOLONGION,30524.035554023558
PAULATUK,PEARCE POINT,73261.01087506127
PAULSBORO,CHESTER,8536.721346397928
PEARCE POINT,PAULATUK,73261.01087506127
PEBANE,PORTO BELO,113281.2938612695
PELABUHAN SUNGAI UDANG,MELAKA,14104.988802046502
PELEE I NORTH WHARF,PELEE I WEST DOCK,5728.866625994376
PELEE I WEST DOCK,PELEE I NORTH WHARF,5728.866625994376
PELICAN,ELFIN COVE,26836.674413465946
PELOTAS,RIO GRANDE,37894.83306150759
PEMAQUID BEACH,SOUTH BRISTOL,1336.136659901296
PEMBA,IBO,71552.1439670357
PENCO,LIRQUEN,1485.599531758917
PENETANGUISHENE,MIDLAND,2272.9491437637253
PENG-HU KANG,MAILIAO,68219.10297306531
PENGLAI,LONGKOU GANG,52492.81627230245
PENZANCE,NEWLYN,2201.684001552984
PEPEL,FREETOWN,22187.22291874044
PEPILLO SALCEDO,CAP HAITIEN,47679.07970314187
PERAMA,AYIOS NIKOLAOS,3459.955105873912
PERTH AMBOY,SOUTH AMBOY,1853.288751325168
PETERHEAD,FRASERBURGH HARBOR,24130.96034081414
PETOSKEY,HARBOR SPRINGS,7526.269179951585
PEVEK,AMBARCHIK,308259.9811303568
PHILADELPHIA,PHILADELPHIA,0.0
PHILADELPHIA,CAMDEN,0.0
PHSAR REAM,KAMPONG SAOM,18419.965641482326
PHUKET,KRABI,62535.02642860969
PICHILINGUE,LA PAZ,11247.219226463214
PICTON,BELLEVILLE,25951.789081703602
PICTON,NELSON,62703.874343271746
PIEROWALL,KETTLETOFT,23009.870950781777
PILOS,KALAMATA,42035.6660259217
PIMENTAL,PUERTO BAYOVAR,166114.40558182722
PIPAVAV BANDAR,HAZIRA,117392.38753420042
PITEA,BRANNFORS,33683.81578164457
PITUFFIK (THULE AIR BASE),POND INLET,479587.43072990753
PLAYA DE GUAYANILLA,PLAYA DE PONCE,16290.213204637166
PLAYA DE HUMACAO,ENSENADA HONDA,14381.498488048455
PLOMARION,MITILINI,21601.900312621383
PLYMOUTH,FOWEY HARBOUR,34493.67011067289
PLYMOUTH,SCITUATE,28103.425762305014
PLYMOUTH,EDENTON,23655.801288090977
POHANG,ULSAN,66734.0122871411
POINT EDWARD,PORT HURON,1355.3282632803212
POINT MURAT,ONSLOW,96479.97306623585
POINTE A PITRE,PORT LOUIS,20385.84267927318
POINTE NOIRE,SEPT ILES,8027.141276691263
POLENG OIL FIELD,GRESIK,62909.75084598894
POLICE POINT,PEARCE POINT,86294.51695327021
POND INLET,PITUFFIK (THULE AIR BASE),479587.43072990753
PONTIANAK,KUCHING,209221.300720655
POOLE HARBOUR,YARMOUTH HARBOUR,31752.69574935969
PORBANDAR,SIKKA,92149.88061737274
PORONAYSK,LESOGORSK,76965.3466169745
PORPOISE HARBOR,PRINCE RUPERT,11583.881732718577
PORT ALBERNI,NANOOSE HARBOR,48530.74213602395
PORT ALEXANDER,PORT CONCLUSION,2059.202330089454
PORT ALICE,BERGH COVE,20430.447555746774
PORT ALLEN,NAWILIWILI BAY,24702.722451414964
PORT ALUCROIX,LIMETREE BAY,1765.5568064529332
PORT ANGELES,ESQUIMALT HARBOR,35211.70790946921
PORT ARMSTRONG,PORT CONCLUSION,5654.158345784615
PORT AU PRINCE,JACMEL,40175.606022350505
PORT AUX BASQUES,ST GEORGE'S,110596.16674903629
PORT BAYSIDE NB,EASTPORT,30195.174146074918
PORT BERINGOVSKY,PROVIDENIYA,393485.3010899077
PORT BONYTHON,WHYALLA,17192.32747602021
PORT CARTIER,POINTE NOIRE,26032.244193238264
PORT CHESTER,GREENWICH,4586.572302897706
PORT CHILKOOT,PORT CHILKOOT,0.0
PORT CHILKOOT,HAINES,0.0
PORT CLEMENTS,MASSET HARBOR,37129.539325126054
PORT CLINTON,PUT IN BAY,17719.099262683714
PORT CLYDE,FRIENDSHIP,8684.925856010928
PORT COLBORNE,WELLAND,12972.79886907351
PORT CONCLUSION,PORT ALEXANDER,2059.202330089454
PORT COSTA,BENICIA,2918.7428224178398
PORT CREDIT,CLARKSON,5719.842432285225
PORT DALRYMPLE,BEAUTY POINT,2319.995653773214
PORT DE BECANCOUR,TROIS RIVIERES,13942.717505358009
PORT DE PROPRIANO,PORT D' AJACCIO,28771.121471884737
PORT DE SALVADOR,ARATU,20465.745109118772
PORT DE ST PIERRE,GRAND BANK,47333.556167300754
PORT DIKSON,UST-PORT,447675.56205999013
PORT ELGIN,SOUTHAMPTON,7530.108031423052
PORT ELIZABETH,EAST LONDON,237167.90178715863
PORT EVERGLADES,MIAMI,35837.23802381352
PORT FOSTER,ADMIRALTY BAY,149069.315411321
PORT GAMBLE,POULSBO,13895.926955296933
PORT HARCOURT,OKRIKA,10779.0078232991
PORT HARDY,COAL HARBOR,14764.274220264915
PORT HASTINGS,PORT HAWKESBURY,4522.71985943919
PORT HAWKESBURY,PORT HASTINGS,4522.71985943919
PORT HEIDEN,CHIGNIK,67413.96220457561
PORT HOBRON,MCCORD,2734.0691524804834
PORT HOPE,COBOURG,9523.01592042735
PORT HUON,DOVER,17163.95378113364
PORT HURON,POINT EDWARD,1355.3282632803212
PORT INGLESIDE,PORT ARANSAS,13242.07140640319
PORT INLAND,MANISTIQUE,29689.800658374374
PORT ISABEL,BROWNSVILLE,24884.290098667512
PORT JEFFERSON,PATCHOGUE,22935.038715775034
PORT KLANG,PORT DICKSON,67121.61290899085
PORT LATTA,STANLEY,11216.255966245963
PORT LAVACA,PORT OCONNOR,28132.830681255407
PORT LOCKROY,MELCHIOR HARBOR,60507.3726829738
PORT LOUIS,POINTE A PITRE,20385.84267927318
PORT LYTTELTON,AKAROA,29974.751988834156
PORT MAITLAND,PORT COLBORNE,27418.036921190665
PORT MANATEE,ST PETERSBURG,15621.925805074776
PORT MATHURIN,PORT LOUIS,620693.1079930814
PORT MCNICOLL,VICTORIA HARBOUR,1316.1785656983986
PORT MELLON,SQUAMISH,30340.26830669095
PORT MOLLER,IVANOF BAY,71553.54244570367
PORT MOODY,PORT COQUITLAM,7487.644469836107
PORT MORESBY,ORO BAY,161765.90051686074
PORT OBRIEN,DRY SPRUCE BAY,27855.031081324123
PORT OCONNOR,PORT LAVACA,28132.830681255407
PORT OF ILHEUS,PORT DE SALVADOR,209090.4170381181
PORT OF LE HAVRE,HONFLEUR,10354.169094558121
PORT OF MEMPHIS,TRI-CITY PORT,405872.9347026834
PORT OF SOHAR,FUJAYRAH HARBOR,78360.14210247454
PORT OKTYABRSK,DNIPRO-BUZKYY,11753.188757284848
PORT ORCHARD,EAST BREMERTON,3911.9313292404845
PORT ORFORD,BANDON,43161.51760203542
PORT OWENDO,LIBREVILLE,12431.947856983672
PORT READING,CHROME,1407.7659210274105
PORT RIKITEA,ATUONA,1540813.2089963532
PORT SAINT LOUIS DU RHONE,FOS,6538.213584073589
PORT SAN JUAN,NEAH BAY,24461.093691263206
PORT SAN JUAN DE LA JUAN,BAHIA AGUA FRESCA,27994.717382801657
PORT SAN LUIS,PISMO BEACH,9818.364239361741
PORT SAN VICENTE,APARRI,55316.86333916557
PORT SIMPSON,PRINCE RUPERT,28540.936722127437
PORT SOCONY,SEWAREN,0.0
PORT SOCONY,PORT SOCONY,0.0
PORT SUDAN,AL KHAIR OIL TERMINAL,2546.208416623839
PORT SULPHUR,GRAND ISLE,41407.95914587718
PORT VITA,DRY SPRUCE BAY,14955.630672325544
PORT WASHINGTON,MILWAUKEE,38941.7176491078
PORT WELLER,PORT DALHOUSIE,4454.96331355353
PORT WHITBY,OSHAWA,9535.84917774472
PORT WILLIAM,HOGG ISLAND,6102.262131089135
PORT WING,CORNUCOPIA,23464.007236144498
PORT-DE-BOUC,FOS,8287.909862972068
PORTHMOS EVRIPOU,CHALKIS,1451.0698346996128
PORTLAND,SOUTH HARPSWELL,20169.37747033045
PORTLAND,VANCOUVER,13037.380635928355
PORTLAND,WARRNAMBOOL,77367.31480287464
PORTLAND HARBOUR,WEYMOUTH HARBOUR,3888.7645621745282
PORTMAHOMACK HARBOR,CROMARTY,20468.497450430306
PORTO ALEGRE,TRAMANDAI,106064.0694730885
PORTO BELO,QUELIMANE,37742.18469601826
PORTO DA PRAIA,PORTO GRANDE,270152.7520704643
PORTO DE LEIXOES,DOURO,4639.312615704904
PORTO DE MUCURIPE,GUAMARE OIL TERMINAL,275423.5089700475
PORTO DE SUAPE,RECIFE,40444.350750352336
PORTO DI CHIOGGIA,PORTO DI MALAMOCCO,11195.707148925658
PORTO DI CORSINI,PORTO DI CHIOGGIA,81553.61514704053
PORTO DI LIDO-VENEZIA,PORTO DI MALAMOCCO,12996.48912260302
PORTO DI MALAMOCCO,PORTO DI CHIOGGIA,11195.707148925658
PORTO DI ORISTANO,PORTO DI ORISTANO,0.0
PORTO DI ORISTANO,ORISTANO,0.0
PORTO DO AMBRIZ,LUANDA,108748.22852441219
PORTO PONTE ROMANO,CARLOFORTE,17064.216025290327
PORTO TORRES,BONIFACIO,88690.15049163619
PORTO VECCHIO,BONIFACIO,24269.782049580448
PORTO VESME,CARLOFORTE,9083.58689447681
PORTOCEL,TUBARAO,52517.5510414205
PORTOFERRAIO,PORTOVECCHIO DI PIOMBINO,21909.30134579349
PORTSMOUTH,NEWBURYPORT,31135.20099059571
PORTSMOUTH,NORFOLK,3706.466307549494
POS'YET,ZARUBINO,23249.375066722823
POTI,SUPSA MARINE TERMINAL,12321.87385156386
POUGHKEEPSIE,NEWBURGH,22624.30959966184
POULSBO,KEYPORT,4467.262536970065
POWELL RIVER,WESTVIEW,3894.4231064413752
POZOS COLORADOS,PUERTO PRODECO,3636.5040974853882
POZZUOLI,BAGNOLI,4207.650078266655
PRAIA DE VITORIA,ANGRA DO HEROISMO,16255.448846440022
PRIMORSK,GAVAN VYSOTSK,28037.53284775449
PRINCE OLAV HARBOR,STROMNESS HARBOR,32086.07093172317
PRINCE RUPERT,PORPOISE HARBOR,11583.881732718577
PRISONERS,CARPINTERIA,43557.46086445838
PROGRESO,CAMPECHE,184006.04118757177
PROSPER,BANDON,5495.423202895976
PROVIDENCE,BRISTOL,18499.169045661765
PROVIDENIYA,SAVOONGA,160152.36320688348
PROVINCETOWN,PLYMOUTH,41458.77126805271
PRUDHOE BAY,BERNARD HARBOR,181199.30133714533
PUERTO ARMUELLES,CHARCO AZUL,5854.483460452672
PUERTO BOLIVAR,PUERTO MARITIMO DE GUAYAQUIL,109904.53542898191
PUERTO BOTADO,SANTA BARBARA DE SAMANA,12251.204478890651
PUERTO CALDERA,PUNTARENAS,14772.193452935762
PUERTO CALDERILLA,PUERTO CALDERA,4963.065001986406
PUERTO CASTRO,PUERTO QUEMCHI,43778.072900519626
PUERTO CHANARAL,PUERTO CALDERA,79938.74187831591
PUERTO COLON,PUERTO CRISTOBAL,4100.015049181384
PUERTO CRISTOBAL,PUERTO COLON,4100.015049181384
PUERTO CUMAREBO,SINT MICHELSBAAI,80871.53335259526
PUERTO DE ASUNCION,CONCORDIA,682854.8225394693
PUERTO DE CORRAL,BAHIA DE VALDIVIA,17320.916269531503
PUERTO DE GANDIA,VALENCIA,52056.597803569064
PUERTO DE HAINA,SANTO DOMINGO,15123.722112390598
PUERTO DE PASAJES,BAYONNE,42001.87112628741
PUERTO DEL CALLAO,LA PAMPILLA OIL TERMINAL,13098.851847339916
PUERTO DEL ROSARIO,ARRECIFE,58798.42493748632
PUERTO GALLEGOS,PUNTA DELGADA,102590.58310168254
PUERTO GUANTANAMO,SANTIAGO DE CUBA,73236.25395733367
PUERTO LA CRUZ,GUANTA,5471.025241379932
PUERTO MARITIMO DE GUAYAQUIL,GUAYAQUIL,9449.459356917298
PUERTO MOIN,PUERTO LIMON,7532.064026141305
PUERTO MONTT,PUERTO QUEMCHI,85606.61117294342
PUERTO MORRO REDONDO,SANTA ROSALIA,296433.2980300762
PUERTO PLATA,PEPILLO SALCEDO,110447.83809928478
PUERTO PRODECO,POZOS COLORADOS,3636.5040974853882
PUERTO QUEPOS,PUERTO CALDERA,80765.16012723981
PUERTO QUETZAL,ACAJUTLA OFFSHORE TERMINAL,107405.79157017337
PUERTO ROSALES,PUERTO BELGRANO,6263.341490002987
PUERTO SAN ANTONIO,BAHIA DE VALPARAISO,61157.305647616835
PUERTO SAN JULIAN,PUERTO SANTA CRUZ,97533.37621920796
PUERTO SAN MARTIN,SAN LORENZO,3706.4663075487997
PUERTO SARA,CALETA CLARENCIA,30405.76164751214
PUERTO SAUCE,COLONIA,36864.27887293811
PUERTO VALLARTA,MANZANILLO,200551.80587586554
PUERTO WILLIAMS,USHUAIA,46625.05054250888
PUERTO YABUCOA,PLAYA DE HUMACAO,15679.97083075808
PUKOO,KAMALO,8843.744413937759
PULAU BUKOM,PULAU SEBAROK,5241.144040595199
PULAU SAMBU,SEKUPANG,4143.912690296154
PUNTA CARDON,LAS PIEDRAS,7631.975583412344
PUNTA DELGADA,PUERTO SARA,47696.63914508604
PUNTA NIZAO OIL TERMINAL,PUERTO DE HAINA,30903.209638070726
PUNTARENAS,PUERTO CALDERA,14772.193452935762
PUSAN,CHINAE,35062.7297747263
PUT IN BAY,PELEE I WEST DOCK,17052.869342538077
PYEONGTAEK HANG,DAESAN HANG,35566.14105095325
QALHAT LNG TERMINAL,MINA QABUS,134645.7965778777
QASIGIANNGUIT-CHRISTIANSHAB,ILLULISSAT (JAKOBSHAVN),44601.63200984351
QEQERTARSUAQ,AASIAAT,64997.95163401029
QINGDAO GANG,RIZHAO,96012.78660724776
QINHUANGDAO,TANGSHAN (JINGTANG),96406.98235933101
QINZHOU,FANG-CHENG,24170.965880428706
QUANZHOU,ZHANGZHOU,50580.51868464157
QUEBEC,PORT DE BECANCOUR,100442.77935945203
QUEEN CHARLOTTE,ALLIFORD BAY,7618.122571254277
QUEENSTON,NIAGARA,9266.221366423912
QUELIMANE,PORTO BELO,37742.18469601826
QUI NHON,NHA TRANG,168645.940517551
QUILON (KOLLAM),TRIVANDRUM,60022.670637663025
QUINCY,BOSTON,13061.971274040912
QUONSET POINT,DAVISVILLE DEPOT,3706.577502650841
QUTDLEQ,KUSANARTOQ,27798.775294370535
RABAUL,KOKOPO,17469.950825422973
RABOCHEOSTROVSK,BELOMORSK,50044.03587657312
RADA DE ARICA,PUERTO ILO,143251.3831531106
RADA DI VADO,SAVONA,7685.491555081047
RADA PUNTA ARENAS,BAHIA AGUA FRESCA,24496.605612279167
RADE DE CHERBOURG,ALDERNEY HARBOUR,41801.451076485646
RAHA ROADSTEAD,BAUBAU,69776.94046265779
RAHJA,HIMANKA,22604.337269063984
RAMBA,PALEMBANG,81301.59319494263
RAMSEY,DOUGLAS,19639.1160569649
RANDERS,MARIAGER,20791.0340961957
RAS  TANNURAH,DAMMAM,15192.089137431285
RAS ABU ZANIMAH,RAS BADRAN OIL TERMINAL,10464.809363395763
RAS AL GHAR,JU AYMAH OIL TERMINAL,16935.32111653628
RAS AL KHAFJI,RAS AL MISHAB,35550.51160607482
RAS GHARIB,RAS SHUKHIER,30049.366787303723
RAS LAFFAN,DOHA,70601.8998374945
RAUFARHOFN,KOPASKER,29561.357069703445
RAUMA,UUSIKAUPUNKI,37455.77832378511
REINE,BALLSTAD,29059.1655107326
REKEFJORD,KIRKEHAMN,19148.02995126369
REMBANG,TUBAN,88423.25159547161
RENSSELAER,RENSSELAER,0.0
RENSSELAER,ALBANY,0.0
RESERVE,DESTREHAN,20864.486972942592
RESOLUTE BAY,POND INLET,631208.7572288668
RICHARDS LANDING,DESBARATS,9696.246488491834
RINGGI COVE,PORT NORO,14414.357677320459
RIO BUENO,FALMOUTH,19423.697196854297
RIO VISTA,ISLETON,8937.600327279339
RISAN,TIVAT,9266.332561524263
RIVIERE DU LOUP,TADOUSSAC,38227.99304157662
RIZE,TRABZON,63145.23701026524
ROAD HARBOR,CRUZ BAY,21451.003972584287
ROCKLAND,THURSO,7604.999876427232
ROCKLAND,THOMASTON,7618.581601436181
ROCKPORT,PORT ARANSAS,20385.842679272722
ROCKPORT,CAMDEN,3706.5775026506913
ROCKPORT,GLOUCESTER,8466.640782366841
ROCKPORT,ALPENA,15054.798286891382
ROCKPORT,ALEXANDRIA BAY,5715.4586201970915
ROCKY POINT,PORT ESQUIVEL,7619.94306337264
RODDICKTON,CONCHE,16476.51622076288
ROGNAN,FAUSKE,16818.124571488584
RONNEBY,KARLSKRONA,18661.52519610889
RORVIK,SALSBRUKET,30087.12630646514
ROSARIO,SAN LORENZO,24121.279124424516
ROSE INLET,HYDABURG,29065.73648384683
ROSTOCK,WISMAR,48919.43724442084
ROTA,APRA HARBOR,95344.14306591803
ROTHESAY HARBOR,LARGS,12038.363139404186
ROTTERDAM,SCHIEDAM,5717.590697997057
RUFISQUE,M BAO OIL TERMINAL,12683.817469191068
RUMOI KO,WAKKANAI,59440.150643906476
RUNDVIK,NORDMALING,4057.61736924779
RYE HARBOUR,FOLKESTONE HARBOUR,34603.1246625961
RYOTU KO,NIIGATA KO,46228.30073342066
SACHS HARBOR,POLICE POINT,199114.42016957467
SACKETS HARBOR,CHAUMONT,13041.091579329024
SACO,KENNEBUNKPORT,14886.933292215972
SACRAMENTO,COURTLAND,28398.383507992534
SAFI,ESSAOUIRA,102215.23377236325
SAGANOSEKI KO,TSUKUMI KO,18532.553927947283
SAGINAW,BAY CITY,19296.457487674357
SAGUNTO,VALENCIA,23834.549512104404
SAIKI KO,TSUKUMI KO,14384.709902786472
SAILOLOF,SALAWATI,28221.713551793902
SAIPAN,TINIAN,26914.654660353295
SAKAI KO,SAKAIMINATO,2389.302735712483
SAKAI-SENBOKU,OSAKA,11119.510117749282
SAKAIDE KO,MARUGAME KO,7157.177516892493
SAKAIMINATO,SAKAI KO,2389.302735712483
SAKATA KO,AKITA-FUNAKAWA KO,101308.32041573766
SALAWATI,KASIM TERMINAL,6681.485325269648
SALDANHA BAY,CAPE TOWN,106722.10896842566
SALEM,BEVERLY,1853.177556224405
SALEM NJ,DEEPWATER POINT,4677.050974401909
SALINA,KRALENDIJK,7413.043810199501
SALINA CRUZ,MINATITLAN,203582.91822487148
SALISBURY,OCEAN CITY,45207.119862961736
SALSBRUKET,RORVIK,30087.12630646514
SAMARAI,DISCOVERY BAY,35236.35681979812
SAMOA,EUREKA,1853.288751325483
SAMOS,PITHAGORION,7556.618240174567
SAMPIT,KUMAI,144891.48237299902
SAMSUN,SINOP,128893.65537451598
SAN CIPRIAN,RIBADEO,37152.97762310948
SAN JUAN,PLAYA DE HUMACAO,51097.25021572686
SAN JUAN DE LA COSTA,PICHILINGUE,39998.73724695564
SAN LORENZO,PUERTO SAN MARTIN,3706.4663075487997
SAN MIGUEL DE COZUMEL,PROGRESO,293695.8177218736
SAN PEDRO,CAPE PALMAS,128565.0480869455
SAN PEDRO,RAMALLO,21616.845719442168
SAN PEDRO DE MACORIS,ANDRES (ANDRES LGN TERMINAL),33454.821568497944
SANAK,KING COVE,70703.99586220866
SANCHEZ,PUERTO BOTADO,17888.13828463538
SAND POINT,BARALOF BAY,11119.510117748618
SANDHAMN,GUSTAVSBERG,30503.25605137677
SANDVIK,TORINA,18640.175969513293
SANDYPOINT,BUCKSPORT,6155.495914700257
SANTA BARBARA,CARPINTERIA,15734.18582659734
SANTA BARBARA DE SAMANA,PUERTO BOTADO,12251.204478890651
SANTA CLARA,MARGOSATUBIG,57718.25324168039
SANTA CLARA,PARANAGUA,590177.445360777
SANTA CRUZ,DAVENPORT,17205.58884026546
SANTA CRUZ (MARINDUQUE ISL),HONDAGUA,53177.969418769426
SANTA CRUZ DE BARAHONA,PUERTO VIEJO DE AZUA,31224.694074191913
SANTA CRUZ DE LA PALMA,SANTA CRUZ DE TENERIFE,150049.09525407286
SANTA CRUZ DE TENERIFE,LAS PALMAS,87359.58617835824
SANTA FE,PARANA,17425.925487937366
SANTA MARTA,PUERTO PRODECO,11119.510117748368
SANTAREM,ITACOATIARA,422577.73396307696
SANTO DOMINGO,PUERTO DE HAINA,15123.722112390598
SANTO THOMAS DE CASTILLA,PUERTO BARRIOS,4113.459343372832
SANTOS,SAO SEBASTIAO,93019.58125484754
SANYA,BASUO,123651.51188806088
SARNIA,POINT EDWARD,1853.2887513246703
SASEBO,IMARI,20214.573326717204
SAUDARKROKUR,BLONDUOS,30416.603557235205
SAUGATUCK,HOLLAND,14069.35996363869
SAULT STE MARIE,GOULAIS BAY,26676.699750382493
SAULT STE MARIE,GOULAIS BAY,28362.314372675966
SAUMLAKI,DARWIN,500949.5773432691
SAVONA,RADA DI VADO,7685.491555081047
SAVOONGA,PROVIDENIYA,160152.36320688348
SAWAKIN HARBOR,BESHAYER OIL TERMINAL,29857.779940341436
SAYDA,SIDON/ZAHRANI TERMINAL,4825.667851697319
SAYREVILLE,SOUTH AMBOY,8659.1191805714
SCHIEDAM,VLAARDINGEN,3430.5682609102405
SCITUATE,QUINCY,21322.886874392403
SCRABSTER HARBOR,SOUTH NESS,28708.49985730382
SEARSPORT,BELFAST,7584.092447720913
SEKIU,NEAH BAY,25922.310951575982
SENBONG,NAJIN,13831.808910032007
SENDAI-SHIOGAMA,ISHINOMAKI KO,26385.363634458565
SEPT ILES,POINTE NOIRE,8027.141276691263
SERPENTINA TERMINAL,ODUDU TERMINAL,41577.655036288925
SEVERODVINSK,ARKHANGELS'K,36028.29960796581
SEWAREN,SEWAREN,0.0
SEWAREN,PORT SOCONY,0.0
SEYDHISFJORDHUR,NESKAUPSTADUR,19654.459546451904
SHARM EL SHEIKH,EAST ZEIT TERMINAL,67182.32814248312
SHARPNESS,AVONMOUTH,28983.945641636165
SHEDIAC,SUMMERSIDE,62316.87638856888
SHEERNESS,ISLE OF GRAIN,3929.8944782875265
SHEERNESS,THAMESPORT,3929.8944782875265
SHEGUIANDAH,LITTLE CURRENT,9355.402613758108
SHEKOU,ZHUHAI,39015.77757696239
SHELTON,HOODSPORT,22380.52887562188
SHIBUSHI WAN,KAGOSHIMA KO,52189.404771359004
SHIKAMA,HIROHATA,1522.4416701694545
SHIMIZU KO,TAGONOURA KO,22350.519852964342
SHIMMINATO,FUSHIKI-TOYAMA,1484.5429740225968
SHIPPEGAN,CARAQUET,18301.425409249994
SHISHMAREF,GRANTLEY HARBOR,109935.69014259828
SHOREHAM HARBOUR,LITTLEHAMPTON HARBOUR,20254.26640651735
SI RACHA,SIAM SEAPORT,5173.621682301233
SI RACHA TERMINAL,SIAM SEAPORT,1853.1775562241107
SIAM SEAPORT,SI RACHA TERMINAL,1853.1775562241107
SIASI,JOLO,59181.23812378895
SIBENIK,SPLIT,51317.89836298698
SIBOLGA,KUALA TANJUNG,198299.8236023974
SIDNEY,BAMBERTON,14824.805906793194
SIGLUFJORHURD,OLAFSFJORDHUR,14753.365251003697
SIGNILSKAR,GRISSLEHAMN,30680.806272582377
SIKKA,VADINAR TERMINAL,16539.40311547735
SILLOTH,WORKINGTON,36570.30267559855
SILVERDALE,KEYPORT,8356.99622925247
SIMONSTOWN,CAPE TOWN,29691.680671807022
SINES,SETUBAL,63077.81832007783
SINOP,INEBOLU,115893.40120547714
SIRACUSA,MELILLI OIL TERMINAL,7980.9952538388425
SISIMIUT,ATTU,114910.36675094065
SITKA,TODD,49365.28828817944
SJOVEGAN,MEDBY,5455.512607907234
SKADOVS'K,KHORLY,28335.925523736292
SKAERBAEK,MIDDELFART,7576.420194605012
SKAGASTROND,BLONDUOS,18548.067908680347
SKAGWAY,TANANI POINT,19676.123159907584
SKERJAFJORDUR,REYKJAVIK,4040.2746211957947
SKOOT COVE,ALCAN HARBOR,1853.1775562239377
SLAVYANKA,ZARUBINO,35682.21599074695
SOCHI,ADLER,23202.46521557204
SODUS BAY,OSWEGO,43790.639405057955
SOKCH'O HANG,MUKHO,83758.40115032233
SOKHUMI,ADLER,98718.74397646579
SOLOMON,NOME,48940.345466974875
SOLOMONS ISLAND,PINEY POINT,21646.534292938853
SOMA,SENDAI-SHIOGAMA,54237.11942436543
SOMBRA,MARINE CITY,1361.6432894598802
SONORA,STORMONT,22896.75410778305
SORAKER,VIVSTAVARV,7923.563806751645
SOREL,CONTRECOUR,19619.849538731865
SORRENTO,BAR HARBOR,9360.380571024167
SOUDHA,RETHIMNON,28764.363017338444
SOUSSE,MAHDIA,52826.308413695726
SOUTH AMBOY,PERTH AMBOY,1853.288751325168
SOUTH BRISTOL,PEMAQUID BEACH,1336.136659901296
SOUTH HARPSWELL,CUNDY HARBOR,10895.11692869422
SOUTH LANCASTER,ST ANICET,10459.122654217965
SOUTH NESS,LYNESS,3706.466307549783
SOUTH RIDING POINT,FREEPORT,57443.921641768706
SOUTH VALLEJO,MARE ISLAND,2358.420408591791
SOUTHAMPTON,FAWLEY MARINE TERMINAL,10380.73750236486
SOUTHPORT,BRIDGEPORT,9156.621429849
SOUTHPORT,WILMINGTON,35743.06845048427
SOUTHWEST HARBOR,NORTHEAST HARBOR,3236.335634461951
SOVETSKAYA GAVAN,BUKHTA VANINO,12972.687673973007
SPETSES,NAVPLIO,46490.8474571158
SPLIT,DUGI RAT,18345.902652584482
SPRINGDALE,LITTLE BAY,13835.336564546336
ST ANDREWS EAST,CARILLON,2594.8966127970043
ST ANICET,SOUTH LANCASTER,10459.122654217965
ST AUGUSTINE,JACKSONVILLE,56344.39371464902
ST CATHERINE,PORT DALHOUSIE,3945.081725796466
ST CLAIR,COURTRIGHT,1359.3653854401111
ST GEORGE'S,STEPHENVILLE,11116.412295262055
ST HELENS,KALAMA,17121.4880771221
ST IGNACE,MACKINAW CITY,7413.043810199443
ST JOHN'S,HARBOR GRACE,40835.97792729249
ST LOUIS,RUFISQUE,167905.60539408616
ST NAZAIRE,MONTOIR,5358.699351265001
ST PLACIDE,HUDSON,9052.548382210938
ST ROSE,DESTREHAN,4817.313148808845
ST ZOTIQUE,COTEAU LANDING,3914.1493631737976
ST. MARY'S (SCILLY ISL.),NEWLYN,58457.2659255794
STAGEN,KOTA BARU,10475.113030943747
STAMFORD,GREENWICH,5891.6154853767775
STAMSUND,BALLSTAD,8345.158854290188
STANLEY,PORT LATTA,11216.255966245963
STAPLETON SI,TOMPKINSVILLE SI,0.0
STAPLETON SI,STAPLETON SI,0.0
STEAMBOAT BAY,CRAIG,31330.60375157181
STEGE,STUBBEKOBING,18596.90366836481
STEINKJER,MALM,14119.870863211652
STENUNGSUND,MARSTRAND,25157.292214611563
STEPHENVILLE,ST GEORGE'S,11116.412295262055
STEWART,HYDER,1853.1775562242256
STOCKA,HUDIKSVALL,22217.390359259094
STOCKHOLM,GUSTAVSBERG,18999.935019027067
STOCKTON,ISLETON,35641.786463270386
STONINGTON,BROOKLIN,14574.36682737563
STORA JATTERSON,OSKARSHAMN,19821.331999051275
STRANDVIK,BERGEN,32331.91093032556
STRANRAER,KILROOT,47541.835747407335
STROMNESS,LYNESS,15899.737214383826
STROMNESS HARBOR,GRYTVIKEN,18369.971477492763
STURGEON BAY,ALGOMA,26244.551426191505
SUDAK,FEODOSIYA,39978.15119374339
SUMBE,PORTO AMBOIM,52682.44073124523
SUMMERSIDE,ALBERTON,49465.91818896334
SUNDERLAND,TYNEMOUTH,9507.463980724395
SUNDSVALL,STOCKVIK,5819.607144632851
SUNGAIGERONG,PALEMBANG,7402.885990335291
SUPERIOR,DULUTH,4493.141773427243
SUPSA MARINE TERMINAL,POTI,12321.87385156386
SURABAYA,GRESIK,10744.03370936983
SURIGAO CITY,MAASIN,82737.81948937081
SUVA HARBOR,LEVUKA,66688.69976461092
SVENDBORG,RUDKOBING,14455.240340385975
SWANS ISLAND,MINTURN,1853.2887513244807
TACHIBANA,KOMATSUSHIMA,17776.92930583504
TADOUSSAC,RIVIERE DU LOUP,38227.99304157662
TAHUNA,TELUK BEO,159685.67698702932
TAI-CHUNG KANG,MAILIAO,66681.18587667473
TAKAMATSU,HIBI KO,15434.367886928574
TAKUMA,MARUGAME KO,13050.884399838871
TALTAL,PUERTO CHANARAL,106943.25061469038
TALVIK,ALTA,14208.420609595996
TAMPA,ST PETERSBURG,23382.465185130186
TAMPICO,ALTAMIRA,29701.45322266777
TANANI POINT,PORT CHILKOOT,5639.887655812238
TANANI POINT,HAINES,5639.887655812238
TANGA,CHAKE CHAKE,74330.51553250963
TANGER,TANGIER-MEDITERRANEAN,29992.42900945548
TANGIER-MEDITERRANEAN,CUETA,18014.529288808528
TANJUNG ARANG  (BUNYU),LINGKAS,32960.84381079058
TANJUNG BALAI KARIMUN,TANJUNG PELEPAS,42784.86213042895
TANJUNG BENETE,LABUHANHAJI,30007.08506155446
TANJUNGPANDAN,TOBOALI,134717.9219122701
TANJUNGPINANG,KIJANG,18250.615204388287
TANJUNGREDEB,LINGKAS,126685.52376311053
TANJUNGUBAN,TANJUNGPINANG,30840.94905182033
TANTAWAN MARINE TERMINAL,BENCHAMAS TERMINAL,51519.2280726655
TAPIS MARINE TERMINAL A,MALONG MARINE TERMINAL,100689.30669743125
TARABULUS,TARTUS,50130.55715090263
TARAKOHE,COLLINGWOOD,27011.020245229392
TARANTO,MONOPOLI,54401.22079166796
TARBERT,KILRUSH,10581.53650440337
TAREMPAH,UDANG OILFIELD,95509.31864749704
TARTUS,BANIYAS,32405.803595081015
TATEYAMA KO,URAGA KO,27029.955633017427
TAURANGA,MANUKAU HARBOR,145038.91295991692
TAWA,MOSTYN,63039.492901176935
TELA,PUERTO CORTES,53782.88570405208
TELUK ANSON,LUMUT,48866.24215001195
TEMRYUK,ANAPA,51956.957653458456
TENAKEE SPRINGS,CHATHAM,33630.05308697621
TENES,MOSTAGANEM,129180.04871017928
TERMINI IMERESE,PORTO DI PALERMO,33614.32643530853
TERN ISLAND,NONOPAPA,658461.8259152756
TG. SORONG,KASIM TERMINAL,52218.893287221574
THAMESPORT,ISLE OF GRAIN,0.0
THAMESPORT,THAMESPORT,0.0
THAMSHAMM,TRONDHEIM,28829.997772670733
THE DALLES,WASHOUGAL,90797.27889609561
THESSALON,BRUCE MINES,17062.441770435456
THISTED,HANSTHOLM,21264.34227947532
THORNBURY,MEAFORD,13114.584480150128
THOROLD,HAMILTON,21456.668455023068
THREE SAINTS BAY,MCCORD,18478.724725221706
THUNDER BAY,WASHINGTON HARBOR,54098.54496973264
THURSDAY ISLAND,DARU,200120.4103974329
THURSO,ROCKLAND,7604.999876427232
THYBORON,LEMVIG,13598.112615085065
TIANJIN XIN GANG,DAGU TANGGU,14409.193678813119
TIFFIN,VICTORIA HARBOUR,2632.2781484627203
TIKSI,AMBARCHIK,1236431.0052352296
TILBURY,GRAVESEND,2961.1660651230272
TIMARU,PORT LYTTELTON,147223.08671632622
TIVERTON,BRISTOL,5567.526396588674
TJOTTA,SANDNESSJOEN,22313.2867414925
TOAMASINA,MAROANTSETRA,305065.2417907177
TOBA,ATSUMI,28444.631112659994
TOBATA,WAKAMATSU KO,1853.2887513250948
TOBERMORY,LIONS HEAD,45400.31974688407
TOCOPILLA,MEJILLONES,115558.39514097785
TODD,CHATHAM,8917.276652499351
TOFTE,KAMBO,11366.275666889089
TOKACHI,KUSHIRO KO,119445.60042921577
TOLEDO,NEWPORT,9417.13610426263
TOLEDO,SAN CARLOS,27013.323553650363
TOMAKOMAI KO,MURORAN KO,63090.72179688439
TOMPKINSVILLE SI,TOMPKINSVILLE SI,0.0
TOMPKINSVILLE SI,STAPLETON SI,0.0
TONAWANDA,BUFFALO,16679.26517662229
TONDA,TOKUYAMA,6143.279071040109
TONGHAE,MUKHO,4730.105030092729
TONNAY CHARENTE,ROCHEFORT,3866.781192440056
TOPOLOBAMPO,PICHILINGUE,195683.7039578494
TORONTO,PORT CREDIT,17733.12152478091
TOROS GUBRE,BOTAS,4746.005089957323
TOWNSVILLE,LUCINDA,97675.72142133076
TRABZON,RIZE,63145.23701026524
TRAMANDAI,PORTO ALEGRE,106064.0694730885
TRANOY,KORSNES,18093.915943279444
TRAP POINT,LAZY BAY,12665.646958694153
TRAPANI,MARSALA,26596.81807516393
TRAVERSE CITY,LELAND,30205.89241784985
TRENTON,AMHERSTBURG,6631.385824086269
TRENTON,BRISTOL,13183.640648122711
TRENTON,BELLEVILLE,14418.1434813061
TRI-CITY PORT,BUFFINGTON,401324.7073801419
TRIVANDRUM,KOLACHEL,48263.07963765372
TROIS RIVIERES,PORT DE BECANCOUR,13942.717505358009
TROMSO,GIBOSTAD,47916.04543038139
TROY,RENSSELAER,10127.303515632806
TROY,ALBANY,10127.303515632806
TRUJILLO,PUERTO CASTILLA,9927.854077717795
TUAPSE,SOCHI,78480.59827806395
TUBAN,GRESIK,72059.10335025219
TUKTOYAKTUK,POLICE POINT,326565.6189251501
TUMACO,ESMERALDAS,135111.97559862374
TUNAS DE ZAZA,CASILDA,46613.92161262776
TUTICORIN,KOLACHEL,122974.59714923512
TUTOIA,CAMOCIM,161556.29121325054
TVEDESTRAND,ARENDAL,19280.528224040747
TVOROYRI,VAGUR,7413.043810199196
TWO HARBORS,PORT WING,32918.962507947144
TYSOE POINT,PEARCE POINT,80795.87101676951
UCHIURA,MAIZURU KO,15084.506739329167
UDANG OILFIELD,BELANAK FIELD TERMINAL,28948.822688372355
UGLEGORSK,SHAKHTERSK,9578.547384598936
UKPOKITI MARINE TERMINAL,ESCRAVOS OIL TERMINAL,30341.62568390189
ULEELHEUE,SABANG,35404.3266168281
ULLAPOOL,AULTBEA,26679.429185468794
ULSAN,PUSAN,51210.809248978156
ULVIK,LODINGEN,19909.457539435814
UMAG,PIRAN,11782.961553726693
UMM AN NAR,ABU ZABY,16166.584925109699
UMM QASR,KHAWR AL ZUBAIR LNG TERMINAL,13363.324896326243
UMM SAID,DOHA,40909.39537669222
UNGA,BARALOF BAY,5948.413668218261
UNO KO,HIBI KO,4009.0568067934482
UPERNAVIK,KAJALLEQ UPERNAVIK,71616.2570552608
USELESS LOOP,CAPE CUVIER,207570.89302896065
UST-DUNAISK,SULINA,33460.192829622
UST-PORT,DUDINKA,73624.82701867876
USTKA,DARLOWO,32569.97121853893
UTUROA,VAITAPE,41169.853906785866
UUMMANNAQ HARBOR,NIAQORNAT,57115.241152931354
UUSIKAUPUNKI,RAUMA,37455.77832378511
UWAJIMA KO,YAWATAHAMA,29450.990499758016
VADA,LIVORNO,24706.717122608603
VADINAR TERMINAL,SIKKA,16539.40311547735
VADSO,KIRKENES,38797.37326543756
VAITAPE,UTUROA,41169.853906785866
VAJA,BOLLSTABRUK,2035.435097603923
VAKSDAL,BERGEN,24662.518670529964
VALDEZ,SWANPORT,8872.15221392103
VALENCIA,SAGUNTO,23834.549512104404
VALENTIA,CASTLETOWN BEARHAVEN,41081.0260148546
VALLETTA HARBORS,MARSAXLOKK,9740.980474996877
VANCOUVER,PORTLAND,13037.380635928355
VANIMO,JAYAPURA,49196.878176758735
VASTERAS,SODERTALJE,78728.63927658058
VAUDREUIL,OKA SUR LE LAC,8377.044595252024
VEITSILUOTO,KEMI,4354.96504056757
VERACRUZ,COATZACOALCOS,215247.3776231087
VERAVAL,PORBANDAR,113844.32037522964
VERKEBACK,VASTERVIK,7852.345939689184
VIBO VALENTIA MARINA,GIOIA TAURO,39042.59577929048
VICTORIA,MUARA HARBOR,33368.34568796904
VICTORIA HARBOR,ESQUIMALT HARBOR,3688.847675015127
VICTORIA HARBOUR,PORT MCNICOLL,1316.1785656983986
VIEUX FORT,GRAND CUL DE SAC BAY,30139.307061377098
VILA DO CONDE,BELEM,29931.34957414291
VILA DO PORTO,PONTA DELGADA,99998.90557523361
VILLA CONSTITUCION,SAN NICOLAS,14493.121972534658
VILLA CONSTITUCION,SAN NICOLAS,10003.949189140247
VILLANUEVA,BUGO,7636.120110398533
VINALHAVEN,NORTH HAVEN,9641.057045832147
VINEYARD HAVEN,WOODS HOLE,9262.517817858992
VINH CAM RANH,NHA TRANG,41411.0027031491
VITAZ MARINE TERMINAL,OKHA,101389.73211767698
VITINO,KANDALAKSHA,7044.128419925232
VITORIA,TUBARAO,9448.107946054499
VLAARDINGEN,SCHIEDAM,3430.5682609102405
VLADIVOSTOK,SLAVYANKA,50385.05372451324
VLORES,OTRANTO,91814.20772611302
VOLOS,TSINGELI,23847.129133855924
VORDINGBORG,STUBBEKOBING,16127.114031450783
VOSTOCHNYY,NAKHODKA,17244.83911731095
VRAKHONISIS KALLONIS,PLOMARION,26880.411735275193
VUNG TAU,MUI VUNG TAU,3706.466307548931
VYBORG,GAVAN VYSOTSK,14945.8540412813
WADI FEIRAN,RAS BADRAN OIL TERMINAL,22474.727680861128
WAHAI,BULA,116497.32508005091
WAINWRIGHT,BARROW,136230.48844935038
WAKAMATSU KO,TOBATA,1853.2887513250948
WAKKANAI,ISIKARI WAN,32737.406795951094
WALDPORT,NEWPORT,22278.22541196245
WALLAROO,ARDROSSAN,62069.277575758286
WALNUT GROVE,ISLETON,10391.244654651578
WALPOLE ISLAND,ALGONAC,0.0
WALPOLE ISLAND,WALPOLE ISLAND,0.0
WANGANUI,NEW PLYMOUTH,130411.37391331597
WANXIAN,CHUNG CHING,221912.9869682509
WARKWORTH HARBOUR,BLYTH,24665.06384410131
WARRNAMBOOL,PORTLAND,77367.31480287464
WASHBURN,ASHLAND,7521.469502274858
WASHINGTON,BELHAVEN,39881.98304048743
WASHINGTON BAY,BAY OF PILLARS,16450.754125445837
WASHINGTON HARBOR,THUNDER BAY,54098.54496973264
WATERFALL,CRAIG,19265.64143826506
WAUBAUSHENE,PORT SEVERN,3706.466307549523
WAUKEGAN,GREAT LAKES,7538.564759096992
WEEHAWKEN,HOBOKEN,1853.2887513252533
WEIHAI,YANTAI,57590.72534112167
WELLAND,PORT COLBORNE,12972.79886907351
WELLINGTON,PICTON,64061.05067622623
WELSHPOOL,WESTERN PORT,114129.47451995942
WENZHOU,HAIMEN,107814.44924915046
WEST POINT,YORKTOWN,42607.22496164237
WESTERN PORT,MELBOURNE,62009.638694042515
WESTHAVEN COVE,BAY CITY,6733.981255265953
WESTPORT,GREYMOUTH,82303.81078231739
WEYMOUTH HARBOUR,PORTLAND HARBOUR,3888.7645621745282
WHANGAREI,OPUA,60901.568522110145
WHANGAROA,OPUA,43485.78835822209
WHITEHALL,KETTLETOFT,11119.510117749853
WHITEHAVEN HARBOR,CANSO,18148.751741331896
WHYCOCOMAGH,GRAND NARROWS,27118.643249778244
WIARTON,OWEN SOUND,24364.297613290066
WIDURI MARINE TERMINAL,CINTA OIL TERMINAL,103518.35018615001
WILHELMSHAVEN,NORDENHAM,21666.08165588715
WILLEMSTAD,CARACASBAAI,9135.160014765179
WILMETTE,CHICAGO,23281.27309704274
WILMINGTON,WRIGHTSVILLE,12397.922905639343
WILMINGTON,DEEPWATER POINT,4676.158862067054
WILSON COVE,AVALON,44567.18270111268
WINDSOR,DETROIT,1853.177556223971
WINTER HARBOR,BAR HARBOR,9271.349520849366
WINTERPORT,BUCKSPORT,9100.098830944711
WOLFE ISLAND,KINGSTON,6478.094636994717
WOLGAST,SWINOUJSCIE,34907.58404568674
WONSAN,HUNGNAM,75496.64776187314
WOODS HOLE,FALMOUTH,5573.062182495684
WRIGHTSVILLE,WILMINGTON,12397.922905639343
WYANDOTTE,TRENTON,7539.239281230484
WYMAN,MILBRIDGE,2275.9328583693696
WYNDHAM,DARWIN,446444.5215951212
XEROS,KYRENIA,51403.40048529659
XIAMEN,ZHANGZHOU,27279.838985281156
YAHATA,WAKAMATSU KO,3706.466307548923
YAKACIK,ISKENDERUN,13057.702704263742
YAKUTAT,TANANI POINT,244093.66877953996
YALTA,ALUSHTA,29775.45420082272
YANGPU,BASUO,92146.44931195701
YANGZHOU,ZHENJIANG,5559.755058873319
YANTAI,WEIHAI,57590.72534112167
YANTIAN,HUIZHOU,29630.728209997997
YARIMCA,DERINCE BURNU,11288.164148945663
YATSUSHIRO KO,MISUMI KO,12754.903230215179
YAWATAHAMA,UWAJIMA KO,29450.990499758016
YERAKINI,STRATONI,41677.891525746825
YES BAY,UNION BAY,30901.963272920217
YEVPATORIYA,CHORNOMORS KE,63956.612270625614
YITHION,KALAMATA,49810.54405229215
YOKKAICHI,NAGOYA KO,23982.609246675627
YOKOHAMA KO,KAWASAKI KO,17507.818197122913
YOKOSUKA KO,URAGA KO,7177.827251735375
YONKERS,CITY ISLAND,13492.054451669843
YOUNGSTOWN,NIAGARA,1349.8817230405698
ZAANDAM,AMSTERDAM,8683.857467186932
ZADAR,SIBENIK,68319.32797745666
ZARUBINO,POS'YET,23249.375066722823
ZARZIS,HOUMT SOUK,49249.86479059175
ZEIT BAY LPG TERMINAL,ZEIT BAY TERMINAL,4948.158056596112
ZEIT BAY TERMINAL,EAST ZEIT TERMINAL,1853.288751324935
ZHANGJIANGANG,JIANGYIN,16680.323787343103
ZHANJIANG,SHUI DONG,77468.42041689625
ZHENJIANG,YANGZHOU,5559.755058873319
ZHUHAI,MACAU,5818.462428863386
